评论时间,评论内容
2022-07-13 14:13:00,你可以怀疑他们的精神状态，但是不能质疑他们的业务水平！！！
2022-07-20 22:45:04,综艺回到了它本身的目的：让人快乐
2022-07-10 14:03:02,"1.作品才是生存之道。
2.真诚是幽默的捷径。
3.为音乐和友谊干杯。"
2022-07-30 16:37:57,流量在假唱，歌手在流浪
2022-07-06 15:43:44,不请流量综艺投钱不多却更有梗更好看 这不比请那些流量日薪208万拍个综艺还要带妈妈逛街划算 0713 yyds～没想到在国产综艺里还能看到脱敏治疗 开得起玩笑的明星真的不多了🙂难得在国内看到如此高分综艺～期待第二季🥰
2022-07-06 11:29:58,哈哈哈哈哈哈哈哈哈哈哈哈哈哈开着破五菱在假日酒店吃最后的晚餐！！！！
2022-07-06 14:40:50,虽然策划的很一般，但老哥哥们就是有点石成金的能力，在无聊的策划下老哥哥也能凭借彼此的化学反应和团魂扭转乾坤，贡献许多快乐，经历过07年感动的夏天，15年后依然有这些老哥哥，依然有笑声，真好
2022-07-13 01:18:37,不就是九点九嘛，这不就来了嘛
2022-07-09 09:07:03,没看过快男 但是这群人的真实感太美好了 那么多综艺老油条在做作地造梗 却完完全全输给了这几位不太熟练的“新人” 他们没有把出镜当作理所当然 也没有刻意去追溯演艺圈的极端差异 他们活到了一个真正接受自己感恩生活的年龄 所有的快乐都是馈赠 而他们愿意和观众去分享
2022-07-13 13:32:54,"我宣布第二期封神了
历年真题part，吃饭part，学号子part
一个比一个爆笑!
任何人没看过我都会伤心的OK!
说第一期是最不好笑的我相信了

蘑菇屋经典游戏再现，依然化学反应满分
而且他们不像某些208去占普通人的小便宜，疫情之下生活多不容易，看的时候我真担心后面是唱个歌刷脸什么的很尴尬，直到苏醒亮出钞能力，这反转绝了!
还有亮哥最后还催促节目组一定要给钱。

最精彩的就是学渔歌号子，本来一个无聊的游戏，但是让我觉得他们精神状态值得关注[笑cry]先学的奖励先疯
我现在满脑子都是
耶咯_吼啊，啊啦哈～！ 

快乐再出发，你欠我的睡眠用什么还!
以及每期欠两首歌的话整季下来能出张专辑了，我永远爱纯粹的音乐人。
最后，早点策划第二季吧，才7期不够看啊，谷子你赢麻了，感谢大千，我的快乐源泉"
2022-07-13 11:46:36,真人秀节目终于出了一批“真人”，特别是他们对待普通商家时，没有因为自己是明星，而“不要脸”的要求打折还价，因为他们低潮过，更有同理心，知道大家生活也不容易。
2022-07-06 13:24:14,第一期看完，目前为止都很不错。这几个人傻乐的氛围，怕黑流汗妆都掉了的真实感，还有不矫情玩儿得起的劲儿，确实是活该你们翻红。这才是综艺OK？
2022-07-13 10:23:13,原来那些不好笑的综艺是因为出演者不熟🥲
2022-07-07 23:26:17,编剧不行，但是只要他们几个凑一起，干啥都有趣！
2022-07-06 10:56:20,环节设置确实可以再推敲，但这六个男人凑一起，还是令人无法抑制住上扬的嘴角！我的快乐又回来了哈哈哈哈
2022-07-06 11:14:19,琐屑的东西剪了很多，可我真的很爱看他们，哪怕发呆浪费的桥段也爱看。所以发现没有办法以一种客观的视角去评价。坐在拖拉车上，他们迎着海风唱“风雨中抱紧自由”…
2022-07-07 16:24:30,导演说第一期是最不好笑的一期，你可别骗我。T_T在想综艺的意义在哪里呢？缜密的设计和剧本+没什么效果的MC，还是简陋的配置+绝好笑的MC？大家讨论的都是节目配置配不上嘉宾，但目前看来，这或许是他们遇到最合适，不是最好，但最合适的节目组。起码能感觉到他们在乎观众，还算认真。蘑菇屋之后青游那些金主奔着他们来，节目未必好看。
2022-07-07 18:22:41,只要这几个老北北凑一起，那根本不是下饭综艺，完全是喷饭综艺呐！
2022-07-06 11:30:42,第一期虽然没那么搞笑，但是！！！看他们做任务好舒服啊，全程逻辑智商在线，不矫情很真实，谁懂！期待后面几期，还有第二季搞快点！！！
2022-07-22 01:46:37,分享一段b站评论：见过山顶的风景，也走过低谷的黑夜，像常人一样，身边有兄弟有姐妹，大家互相拉一把也就没什么过不去的。像节目里说的那样，他们的人生已经走了捷径了，精神上再痛苦也很少尝生活的苦，他们自嘲再就业却也知道他们的生活好过大多数人，不高高在上端起架子，还可以共情普通人的“苦”，这大概是为什么吸引我，羡慕身边有志同道合的兄弟，羡慕有拉着你不让你掉队的朋友，羡慕有血有肉有酒有故事的人生。那不如周二的晚上煮酒温茶，听听他们的故事。
2022-07-29 08:19:31,有一个最新的一星点评 原话说这几个没业务没本事没才华的癞蛤蟆 还想过上好日子？ 我有点迷惑 如果这都算没才华没业务能力那内娱请问谁有？？？真诚发问？？？
2022-08-01 18:57:22,第二季千萬不要請其他流量！！！！！謝謝
2022-07-29 07:16:39,最新一期，陈楚生说应该给工作人员涨工资，陆虎抓住机会推郭一凡的歌，苏醒被陆虎感动到落泪，然后所有人除了摄像师全被拉上去跳舞。冲着这一段，我给他五星。今年目前为止最打动人的综艺。
2022-07-13 10:11:30,满足你们9.9豆瓣评分的愿望
2022-07-06 15:46:47,挺好看的，笑点也很多，比如一开始的先导片里，糊糊怀疑醒所以也投他离开；第一期开头虎子分享耳塞，结果发现有一盒多个那种，立马叫大家把耳塞还回给他，他要回去退货！哈哈哈，处处细节透着一股穷酸气，笑死我了！0713给我再次爆火、赚大钱吧！
2022-07-20 18:47:09,用B的预算做出了S的效果，我终于可以不被资本喂屎了！目前播出了三期，第三期的加更我还没来得及看，浅记录几个特别触动到自己的点：1⃣️在荒岛上自己生火煮泡面。五谷道场赢麻了！他们吃完自己收拾完还跟导演组说辛苦收拾了，刻在骨子里的礼貌谦逊。2⃣️在雨中搭帐篷。那么恶劣的天气他们没有一丝抱怨不满，仍然在努力造梗，包括后面的行程，能看出来真的很冷但他们依然在坚持着完成。3⃣️苏醒买单，综艺效果拉满的一段，没有刷脸，没有自以为高高在上，他们仍然是普通人，真实而接地气。4⃣️学号子。他们还是那么有礼貌，尊敬的称对方老师。当然这一段最好笑的还是大型人类返祖现象，笑的我满地找头。5⃣️在群演生活结束后聚餐时的那一段对话，真的是可以反复观看的程度，他们能体察群演生活的不易，反省自己的过去，清醒通
2022-07-21 23:41:07,我只是羡慕人到中年还有一群人陪着一起犯傻
2022-07-14 23:58:25,"没有标榜自己是音综，但处处是音乐
没有标榜自己是露营季，但处处都让人有去旅游的欲望。
明明都这么狼狈了，却依然这么美好。
我宣布:这个家没有了谁都不行!
节目组已经下线了，全程就是0713自己整活自己玩"
2022-07-31 01:49:42,看之前我一直好奇陈楚生为啥能融入进他们4个人，看完后发现，他只是慢半半半拍
2022-07-06 13:33:18,四星是给哥几个的，节目设置上很粗糙，三星不能再多
2022-08-03 04:37:15,能够承认自己讨厌拍戏、成名走了捷径、吃的苦和群演比不值一提，是多么不容易
2022-07-21 02:13:53,"5555好喜欢大家
7.20
恶意差评的你正主糊穿地心十五年后在大润发杀鱼
8.24
谁错过最后一期音乐会我都会伤心的ok?"
2022-07-13 23:29:49,哈哈哈哈哈哈哈哈哈哈哈哈哈哈哈哈哈哈哈哈哈哈哈哈哈哈哈哈哈哈哈哈哈哈哈哈哈哈哈哈哈哈哈哈哈哈哈哈哈哈哈哈哈哈哈哈哈哈哈哈哈哈哈哈哈哈哈哈哈哈哈哈哈哈哈哈哈哈哈哈哈哈哈哈哈哈哈哈哈哈哈哈哈哈哈哈哈哈哈哈哈哈哈哈哈哈哈哈哈哈哈哈哈哈哈哈哈哈哈哈哈哈哈哈哈哈哈哈哈哈哈哈哈哈哈哈哈哈哈哈哈哈哈哈哈哈哈哈哈哈哈哈哈哈哈哈哈哈哈哈哈哈哈哈哈哈哈哈哈哈哈哈哈哈哈哈哈哈哈哈哈哈哈哈哈哈哈哈哈哈哈哈哈哈哈哈哈哈哈哈哈哈哈哈哈哈哈哈哈哈哈哈哈哈哈哈哈哈哈哈哈哈哈哈哈哈哈哈哈哈哈哈哈哈哈哈哈哈哈哈哈哈哈哈哈哈哈哈哈哈哈哈哈哈哈哈哈哈哈哈哈哈哈哈哈哈哈哈哈哈哈哈哈哈哈哈哈哈哈哈哈哈哈哈哈哈哈哈哈哈哈哈哈哈哈哈哈哈哈哈哈哈哈哈哈哈哈哈哈哈哈哈哈哈哈哈哈哈哈哈哈哈哈哈哈哈哈哈哈哈哈哈哈哈哈哈哈哈哈哈哈哈哈哈哈哈哈哈哈哈
2022-07-20 17:12:12,2022.7.20开分9.5，这个分数不知道后期会不会有变化，会有怎样的变化，但是希望你们都能记得这个分数，因为这就是你们值得的分数，是你们十五年沉淀里的快乐、辛酸、离别和重逢，是相知相伴，是不离不弃。岁月可能会带走你们的青春，可是只要你们还在一起，就没有人会真正地老去。敬过往，敬现在，未来遥远模糊，只愿你们此刻继续快乐，继续再出发。山高路远，万物苏生，明月正亮时，又是启程日。十五年后，再一起去往下一个十五年吧！（PS：看完了第四期，谢谢你们，谢谢所有工作人员，谢谢你们创造出的这个节目，它成为了我人生迄今为止最痛苦时间里最明亮的救赎。
2022-07-14 01:47:48,内娱除了鸡条之后另一大作，这么说可能有人不高兴但是我看的过程中看到了新西游记的影子，唠嗑我都想一直听他们乱侃。而且其中我最想夸的是，他们真的没有向其他综艺一样，没有钱就疯狂刷脸，自己挣着208还来坑普通人的钱，非常有好感了。
2022-07-20 23:41:59,节目本身策划很拉，但这几个人有意思，节目梗多好笑就不说，让我感触挺大的是在内娱原来还有这样一群真实的人。短短几期节目他们能做出来一堆歌，命题作文信手拈来，也没见他们标榜自己多有才华，踏踏实实比喊口号强。还有新一期真应该结合社会热点看，内娱终于有人自己说了他们待遇有多好，哪怕十八线，也知道自己有特权，受到特殊照顾，比群演这些讨生活的人要过得好太多，清醒自知比某些拿着百万片酬能力没有还叽叽歪歪自己多惨的人好太多了。被内娱荼毒太深，难得看到清流。
2022-07-26 22:41:27,那些尚未磨平的、粗糙的笨拙表达，那些不加雕琢、难掩真情的感情瞬间，灿烂和蒙尘的，失控和克制的，全部汇成了这一夜。谢谢这一夜。
2022-08-12 14:17:29,国内团综天花板级别的存在，这不比听一群人尬喊什么“we are family”有意思多了？
2022-07-16 13:55:50,本韩综人在国综日复一日的抄袭、恭恭敬敬、花大价钱请来却开不得玩笑的综艺现状中无法再对其产生信任感。但在网友们的强烈安利下，尝试着看了这档，确实不错，全员都更拿得起放得下，没有架子只有朋友间拌嘴互侃轻松打闹的欢愉。节目组策划也确实比较草率，我只能说但凡换了一波人就没这效果了，几位确实有点石成金的魔力在的。
2022-07-27 01:46:18,陈楚生喝醉了后会鼓励工作人员不要妄自菲薄、要求给摄像加工资、拉没有拍摄任务的男孩女孩一起跳舞，酒品非常好了。蘑菇屋里苏醒刚出场的时候，我还被他油到了，但现在对他的滤镜是“一个善良的傲娇+口才了得+聪明反应快”。都是很好的人呐。活人综艺请一直存活
2022-07-31 22:08:00,事实证明，韩综并没有领先我们很多。他们只是制度驱动明星，而我们好的节目也可以真实又好看，感动也热血。
2022-07-12 21:04:13,这证明了，真人秀看得就是人，人有意思了，其他都是浮云。这几个只是唠嗑就能看很久。
2022-08-25 23:28:08,曾经在娱乐工业轰然起步时站在风头的幸运儿们，十五年后终于接受了技不如人生不逢时力不从心的命运真相，终于放下包袱学会自嘲学会珍惜学会体谅学会相逢一笑，铠甲被击穿后回转为复返自然的孩童，是这个时代能让人由衷喜欢和支持的美好故事
2022-07-31 19:38:50,苏醒从上衣口袋中掏出六百块钱，顿时让我找到了看穿越种田文开金手指的爽感
2022-07-21 03:12:46,老贝贝们告诉你什么叫内容为王
2022-07-14 00:29:41,搞笑又有点感动。。陆虎对几个人说你们知道吗，我今年最骄傲的事就是带着大家一起上了蘑菇屋。
2022-07-12 22:52:40,第二期笑得我嗓子疼 ，回想他们这一期干了什么，好像什么也没干…就…完全没跟着导演策划的流程走，全程脱轨，但真的好好笑好快乐，真的是名副其实的“一个很扯的雨天”
2022-08-02 22:51:15,各位金主爸爸 我们要看这种综艺 你们懂吗 不要剧本 一群有趣的人坐在这里谈天说地就够了 想向往的生活一开始那样
2022-07-30 21:39:20,倍杀向往的生活 这是可以说的吗
2022-07-13 19:11:40,真的很快乐，第二期搭帐篷对比花少4搭帐篷，一群人在荒地没有任何援助帐篷也很简陋淋着雨搭帐篷也很快乐，花少4在学习基地里后面是房车旁边好吃好喝的气氛还压抑得要死
2022-07-26 22:28:15,看完第四期才来打分的，他们真的太美好了，这完全不像一档综艺，更像一场好友相聚，一次毕业旅行，大家边唱边跳，不分彼此。最后大家一起跳舞的时候，我觉得，真美好啊，活着真美好，能够相聚的日子也真美好
2022-07-16 05:45:49,最新一期陈楚生那句，我好想揍你哦，哈哈哈哈笑死我了。我不知道五谷道场给了多少钱，我只知道肯定给少了。这广告效果无敌了。
2022-07-24 21:05:27,有多好看呢？就是好看到我直接下单了五谷道场的番茄牛腩面表示单纯而直接的感谢。
2022-07-06 16:04:01,这群人怎么这么吵啊哈哈哈哈哈哈哈哈哈哈哈
2022-07-21 00:06:07,咱就是说能不能一期三个小时
2022-07-28 01:05:18,是这样，我看评论区啊，差不多20个人就会出现一个差评，当然我不是说这个综艺完美到无可挑剔，有人说看了24分钟觉得无聊，大部分是说买情怀，觉得尴尬，也有人说几个40左右的中年男人，嘻嘻哈哈看不惯，奔跑吧兄弟，极限挑战我全都看过，但是吧就是恰好这个时间这个地点我在看这个综艺，你放1年前，两年前，5年前我都可能不会像现在这么喜欢，《快乐再出发》出现的刚刚好，在我这个人生的阶段对我来说有不一样的意义，这是我觉得他不仅仅是搞笑那么简单而且对我来说有一定的深意，当然别的综艺对大家来说都在某一个刻会打动你，所以我想表达的是，这个世界上时间一定是最好的检验标准，我觉得《快乐再出发》一定经得起时间的考验，成为经典。
2022-07-30 08:06:07,原来真的有乌托邦，综艺乌托邦。
2022-08-01 12:46:46,那些20多岁的编导们精心设计编排的综艺桥段，哪有老哥哥们15年来起起伏伏的人生和一直没有走散的友谊更有意思，更动人，更见人心呢
2022-08-05 20:57:15,终于不用把明星供着哄着拍综艺
2022-07-26 22:27:22,每次看完快乐再出发，我都觉得我可以再爱这个世界一会儿。爱这个世界上还有这么多鲜活的人，他们那么不同但聚在一起却那么和谐。要努力长成这样的人们啊，自己淋过雨就愿意为别人撑伞的人们，只要在一起就可以把空气都变得纯粹又快乐的人们，“人与人”之间，如此足矣。
2022-07-29 19:48:15,真的吊打现在国内百分之九十五真人秀！请其它综艺醒醒吧，大家不爱看一群idol在那尬聊了，别天天为了热度编吵架的脚本了，真的很恶心。真诚真实真性情的一群人在一起才是一个真人秀最舒服的样子！
2022-07-24 15:51:03,就凭真的住普通标间，就值五颗星。综艺需要这种真实，而不是208w高高在上“体验”人生。。。
2022-09-10 21:56:55,故意刷一星的蒸煮必糊!
2022-07-13 01:19:15,年度最佳综艺，没有之一。
2022-08-30 20:16:12,可以把隔壁向往的生活毙了吗 招商都投这第二季可以吗
2022-07-27 00:57:22,上进和知足并不矛盾
2022-07-22 18:35:49,狠狠抓住了2022年娱乐圈、或者说整个社会最稀缺的东西：松弛。松弛和摆烂不一样——摆烂缘迹不缘心，松弛缘心不缘迹——而离生活最近的，永远是自己的心。
2022-08-27 22:04:42,有瑕疵，但至少是这三四年里国内最好的综艺了。证明实力能跑赢流量和资本，真诚才是最大本领。
2022-07-21 00:56:47,其实节目的综艺环节设置，剧本性和游戏性都非常弱，但反而凸显了这几个感情深厚，早已被现实磨平的老歌手们过尽千帆后豁达的气场和相应而来的奇妙的化学反应。和隔壁的《新游记》滑铁卢一对比，也再次验证了再精妙的环节设计，都比不过人的身世与charisma这两个最好的剧本。且观众和明星只要都经历过了商业化的浮躁与迷茫，就一定会为真实，真材与真心的综艺表现而买账。在群魔乱舞的当下，没有设计就是最难能可贵的设计
2022-08-26 12:55:09,几年前在一个活动里看到苏醒，跟他说“当年我还给你投过票嘞”，答曰“你以后喜欢点儿好人吧”。哈哈哈哈哈哈哈哈哈哈哈哈哈哈
2022-07-15 20:39:31,真人秀归根结底还得看人，策划不行，节目组没钱，但是靠嘉宾这个节目真的很好笑。尤其是王栎鑫离婚的地狱笑话和陈楚生的冷幽默哈哈哈哈哈哈哈哈哈哈哈
2022-09-10 15:11:42,少来坏群众口碑 带着粉圈犯贱滚出去
2022-07-27 00:37:26,"我们一直在经历一些事情的崩塌，工作、生活、情感。开始只是接受，后来开始习惯，再后来主动质疑。抱着不信任的眼光诟病生活。
可后来有人拍了拍我，说有一群人从15年前一直没变，甚至还越来越好，在没有人注意到他们的时间里，他们将友谊酝酿成酒，为以后每顿饭上的故事做下酒菜。
看很多综艺为寻求快乐，但好像听你们唱一首歌就能获得。
我赞扬的并非只是友谊的美好，是对生活的恭敬，对真诚的礼赞。
谢谢你们在这易变的时代，给了观众一点东西去相信。"
2022-08-04 14:07:52,近几年看过最好的国内综艺，比王牌搞笑，比真人秀真实，比恋综好磕，比情感综艺好哭，比纪录片纪实，比游戏综好玩。不愧是团综天花板。
2022-07-27 00:18:06,第一次看到把工作人员拉到镜头前一起跳舞的综艺。大明白说得没错，内娱需要活人综艺
2022-07-20 16:30:19,希望节目组搞成年综，永远不要停更，治愈我每周不开心的神仙综艺。
2022-08-07 15:46:16,曾经我对“男人至死是少年”之类的说法嗤之以鼻，但这个团综好像让我悟到了，我讨厌的是以此为借口行恶事的人，而不是这些可爱的老少年们，只要他们在一起，再幼稚再降智都很好笑
2022-08-10 20:00:57,"这个综艺之所以这么火，我觉得是大众对于资本和综艺剧本的反抗。对内娱活人和真实情感的一些向往。不喜欢明星的人设，做作，假吃，不敬业和不接地气（此处拉踩新游记）。综艺的本质是让人快乐，这个节目做到了，我虽然没看过07年快男没有回忆情节加持，依然特别喜欢这个节目。他们的友情是我这个同龄人羡慕的东西，尤其在这个名利混杂的娱乐圈，大家不抢资源就不错了，互相帮扶更显得不易。看的过程中又想笑又想哭的。看到了陆虎的真诚，苏醒的通透，小亮哥的烂梗，王栎鑫的敏感，张远的特效哈哈。可惜只有7期。佩服他们的坚持，希望他们越来越好～希望第二季不要加不熟的人进来。
全看完了来补一下，这个节目组真的很用心，游戏环节也许设计的没那么完美，但是一看就是用心了，最后的音乐会给100分，今年夏天的快乐是快乐再出发和苍兰诀给的！"
2022-08-31 00:10:20,"很赞同热评的一句话: 流量在假唱 歌手在流浪
看完最后一期感动得稀里哗啦 拜托拜托一定要出第二季🙏"
2022-07-27 19:42:20,第4期真的是封神。
2022-08-01 00:30:31,苏醒最后亮出钞票的那一刻我激动打下五星（虽然我被剧透了但并不知道是哪一期。我好怕来什么给老板唱个歌逗个乐谈谈梦想就把帐给抹了，真金白银谢谢！！譬如当年范湉湉那个节目我真的是yue了。
2022-09-11 11:50:18,很爱，但任何和饭圈挂钩的东西都会变的不幸
2022-07-29 01:06:45,"小时候觉得：陈楚生为啥是冠军啊现在觉得：难怪陈楚生是冠军"
2022-07-20 16:15:31,"观众不在乎什么b级s级，只在乎一点：能看下去，我喜欢！
第二季，gkd"
2022-07-27 08:58:30,只有熟人才能救中国综艺。
2022-07-27 00:08:33,打一星的人真的看过这个综艺吗？好久没在内娱看到这种综艺了，真就一个字。都好真诚，希望这个节目组的人都好好的。真开心能看到这部内娱综艺！
2022-07-22 19:04:17,其他综艺也有打工蹲地吃盒饭，然而我一个没记住，一看就是拍之前吃了其他的大餐了，0713一看就是很真实，真的就是这一餐，不吃就没了，光光真实这一点就完爆百分之九十的综艺，特别是所谓的那些热度爆表的什么鸡条之流
2022-08-10 21:22:34,太好了，没有别的话说。如果我此生不能有这么深刻的关系，至少他们让我看到了世界上存在这样令人泪盈眼眶的羁绊，感谢，太幸福了。
2022-08-18 16:13:22,我甚至没有看过快乐男声的任何一期，在此之前也只认识苏醒和俞灏明，苏醒是通过微博总发巴萨，俞灏明是演戏。因为豆瓣开分9.5的口碑打开视频，要说多好笑，其实谈不上，但是比国内99.99%的所谓真人秀都更好笑，足够了。已经受够了拿着几千万薪酬在综艺上表演“惨”的真人秀。这些被娱乐圈的声浪拍在了沙滩上的“老炮咸鱼”终归用真诚打动了观众。但真正让我觉得一定要给五星好评的是音乐。这些本质歌手在节目中所展现的任何一段哼唱都吊打现如今的“抖音神曲”，而他们的歌，几乎从未被主流听到。作为普通听众，我都觉得我也有责任。
2022-07-31 13:18:20,"王栎鑫说爱的尽头是一片黑暗。确实，人类是互相观望、彼此分离的孤岛，就算彼此靠近，也总有难以缝合的地方。
所有的东西都是有时效的，人的寿命，食物的保质期，物的使用年限。你喜欢的人或物也许都要经历被狂热喜爱追随的顶点，然后归于平静甚至无人问津，即使你还记得，也很难再回归到那样的时刻了。
所以说，和他人一起经历最灿烂的那一段，要像他们一样，不吝惜付出热情，坦诚地表达喜欢，才能拥有无尽的快乐，用以抵御夜风。
跳舞吧，去爱吧，宁愿让你的天真多留一秒。暗夜会一次次到来，至少我们能点燃火把，抱团群暖。"
2022-09-02 21:36:20,这档节目给我最大的启发反而不是性别维度的，而是如何做好一个在世俗意义上并不成功但仍葆有生命力的普通中年人。首先要对某项事物有持久丰饶的热情，对再就业男团来说，这个热情就是音乐。整部综艺最动人的地方就是他们的即兴创作，看到花花草草可以写歌、看到小朋友可以写歌、在海边学唱渔家号子，甚至连做群演等戏拍的时候都可以用自己的身体创造节奏感，所以他们没有陷入中年生活的空洞与贫瘠。其次要有一群志趣相投的朋友，洞悉彼此一路走来的每处细节与肌理，这样才能免于孤独无助。最后，可能就是戴老师一直说的，对悲情和自恋的警惕。说白了就是，不要觉得自己很惨，比你惨的人多得是！要能共情他人，要看到更广阔的世界和一些系统性的症结，这样才不会天天自怨自艾自哀自怜。综上，《快乐再出发》也可以被称为《不油腻中年人养成指南》
2022-08-29 23:13:57,在起码长达10年的时间里，国产综艺久违地没有再试图给人上一课，久违地没有嘉宾撕x，久违地没有生硬的自我感动，久违地回归了快乐本身。
2022-09-16 23:04:00,看完最喜欢小亮哥，像空气一样无处不在，像水一样温柔平淡能纳百川。
2022-09-10 11:34:00,恶意一星，蒸煮糊穿地心哦～嘻嘻
2022-07-20 18:39:53,在一众假的要死的综艺中的一股清流，蛮戳笑点的
2022-07-30 00:13:19,在国内综艺环境这么差的情况下，快乐再出发真的是中国真人秀的奇迹了，有笑点有感动，没有烂俗的煽情堆叠。事实证明，不抄袭，不请流量，不炒cp，不走固定剧本，大家还是会买单（求求综艺的导演编剧别摆烂了
2022-08-07 12:49:38,连加更也很好看啊，等更新的日子我把加更都看完了。7月8号那期，“爱的尽头是一片黑暗”，“啊?你的生活也太那个啥了吧”。hhhhh 一边在哀伤一边在发疯。2007年快男是我第一次追的选秀节目，全程和我妈一起看完的，那时候确实是生涩地觉得未来充满了希望。其实现在也是这么觉得的
2022-07-30 13:30:10,节目设置非常一般，但是0713具备一切惹人喜爱的品质，他们真诚，可爱，善良，体谅他人，勇于自嘲。同时业务能力又极强，创作能力演唱能力没有短板，甚至还会演龙套😂在追逐理想的路上，有一帮志同道合互相提携谁也不落下的兄弟，是大多数人一辈子也遇不到的幸运，希望他们能一直这么走下去
2022-08-24 01:28:49,生哥说这不是综艺，是他们的生活，在我心里它是内娱综艺里的《请回答1988》。
2022-09-25 23:31:03,1嗓子累坏，也没等到天娱给他发一张专辑，2等了三年（对比下同届的4待遇天差地别）；6在鬼门关走了一遭，出演反派被人踩着最痛处骂；7的两张EP隔了四年，中间一度去夜店驻唱，自己也就二十来岁还在心疼歌迷「都是些孩子，为了我去那种地方，那里都是些喝醉了酒不知道在干嘛的人」；13唱不了自己的歌，自嘲像养不起孩子只能送到地主家的穷人。都是起起落落落落落被现实毒打过的人，却在镜头前一个比一个笑得肆意张扬，嘴一张就是梗，弦一动便成歌。岁月如刀，落到他们身上成了只能磨圆脸的锉刀。
2022-08-27 22:00:12,因为糊，所以不装；因为熟，所以肆无忌惮。白天有多放飞有多好笑，晚上就有多走心，以及随时随地都能玩起来音乐。能感受到对音乐的爱是真的，坚持不是说出来的，感情不是秀出来的，好笑不是故意造梗的。真诚，才华，友谊，和好笑。太牛了！
2022-07-14 10:04:32,荒岛徒步海边淋雨外加小心翼翼蹭了一顿霸王餐后，几个内娱老糊人在海边喊出心声，“我海鲜过敏” “我美白白做了” “我腿好短” “啊—呕” 以及 “我说什么？” 而拿镜头对着他们的队友在后期打出一句回应，“年级不小了，爱说什么说什么。” 最好笑又心酸的可能还是猜歌环节一碰到自己的歌就坦言 “是我的歌，真的不红，大家有空去听一下，过！” 没追过这届快男，也难说欣赏他们的过去现在或未来，但掉落的没成为的还在渴望的或是已经不再可能的“星星们”坐在皮卡车里迎风唱着“年月把拥有变做失去/疲倦的双眼带着期望/今天只有残留的躯壳/迎接光辉岁月”的画面还是很有力，像所有人生电影的结局。重聚档就像群像小说，看的是命运碾过后的人和他们面对起落的不同姿态。能聚在一起的总是还能勉强把自己拼起来的，而群体的总是非个人的。
2022-07-13 00:06:43,真人是real，内容是king，认真工作，好好做人，当然在圈里没地位，但是赢了人心。
2022-09-19 13:22:26,五星是为了提醒其他综艺，堆砌明星全程尴尬剧本早晚没有观众缘
2022-09-10 15:36:55,听说被恶意差评，那我必须来给个他们本应得的5星
2022-07-30 22:42:41,音乐人赋予了节目恰到好处的浪漫感，真朋友赋予了节目难能可贵的真实感
2022-07-06 13:45:40,真的太好笑了，6个男人的组合是不是综艺的黄金搭配啊！
2022-08-25 13:56:52,原来坚持着别人不看好的梦想不是件羞耻的事
2022-07-18 08:26:54,娱乐圈里有活人 不是人设 是情怀 是热爱 是努力 是普通人的情谊和娱乐圈的高低浮沉的故事
2022-07-12 23:54:56,救命！！！！都去给我看！！！好吗！！！没有什么大制作 也没有什么红半边天的人 但是真的原始的快乐！！！太搞笑了！怎么会这么好笑！自然而然的好笑！唱渔歌号子那我真的会爆笑 在餐厅吃完饭抱着吉他就开始唱歌的男孩们真的！我觉得这才是音乐人！！比起很多裁缝家 这来一点 那挑一点 他们随时随地就可以即兴！！！我觉得音乐界需要这样的人！真诚而又炙热！其实后来慢慢了解了一些他们这些年的经历 真的很感谢他们对音乐的不懈坚持和努力 让我们再次看到了他们的闪光 最后我想说 才华永远是他们的底牌
2022-07-26 22:24:47,这不比向往的生活好看多了？
2022-07-14 19:53:13,"陈楚生一般不说话，一说话就是梗
苏醒永远的西安“首富”造梗机
（醒远yyds）
《王铮亮和他的五个冠军兄弟》
王栎鑫离婚梗可以玩十年
最后婚姻话题都回到了张远身上
陆虎的精神状态值得关注
0713加油"
2022-07-30 18:35:59,这部综艺唯一缺点就是 太短了
2022-07-30 16:30:42,给你们翻译翻译，什么叫综艺。什么？他妈的！叫！他妈的！综艺！
2022-08-01 00:03:34,看的出来很卖力的想让节目好看。别出第二季，按照以往经验，红过的节目之后可能一季不如一季……ps:陈楚生真的好爱音乐🎵
2022-08-24 18:30:35,节目组虽然穷 但是音响真不赖 钱花在刀刃上了 最后一期大雨中的音乐会yyds
2022-07-29 14:46:28,近几年中国综艺的巅峰，六个人白天打打闹闹，开开玩笑，晚上喝几斤白茶，开始谈过去，聊人生，写新歌，有不甘，有无奈，有愤恨，有不愿，但也有包容，有勇敢，有勇敢向前走，最重要的是还有善良，还有温情。十五年前，大家都是热血少年，十五年后，少年依旧不改初心。赤子之心坦坦荡荡。
2022-07-20 17:55:05,希望其他一些打着“家人”，“友情”旗号的节目看一下，什么叫真正的家人，什么叫真正的朋友！就是真诚！不做作！！没有扯带领什么走向世界。
2022-07-30 16:01:25,上一次让我这么失态的综艺，是很多年前的极限挑战……
2022-07-24 01:01:57,其实策划和后期都挺拉的，但是人最重要，他们几个在一起，就算纯聊天都能达到五星的效果
2022-08-26 13:03:51,结束的时候我以为会煽情，但是却是充满勇气和美好的，谢谢这不落俗套的节目，尽管许多安排都是比较仓促，但是体验了纯粹的魅力，如果有第二季，希望还是原班人马，希望能扛住资本的压力继续做自己，如果不能，那就让它留在这最美好的一刻吧。
2022-09-01 21:24:35,一些坦诚时刻，一些真心闪烁，一些用大笑和自嘲掩饰的不甘，一些海水泪水酿成的酒。
2022-09-02 19:48:30,高分的综艺往往只需要最朴素的烹饪方式
2022-08-24 14:37:05,内娱只有糊咖是真人 鲜活的 有缺点的 可以被调侃的
2022-08-12 13:22:30,"开始我还质疑，我倒要看看什么综艺能有9.6分。看完：呜呜呜呜他们值得qaq。 就是会让人有一种，人与人的关系真的可以这么好，真的会有这么好的朋友的感觉。而且作为也追过这么多代内娱爱豆的人来说一嘴，早年间的快男超女选秀，业务能力是真的强，0713是真的有才华呜呜呜"
2022-07-26 08:10:32,终于在内娱看到活人了的感慨……所有笑点都很松弛带着老艺能人的熟稔跟分寸 你看我们不是拍不出新西游记
2022-08-01 23:15:28,在极限挑战一二季之后看过的最好看的国综了，原来要做好一个综艺不是靠大IP，而是靠真诚
2022-08-10 14:09:38,一个个跌跌撞撞的人生，汇聚成熠熠生辉的友情岁月。
2022-07-08 14:11:14,"当年对快男完全没兴趣，一眼没看……多年以后竟然被他们的团综感动。他们六个人坐在皮卡上唱歌，笔直的道路那头是山和海，我看见了正常的青春男性，看见了正常的阳光男孩，看见了积极和向上。粉丝文化毒害了多少正常审美，希望这群“糊咖”一直这样阳光青春。"
2022-09-11 12:47:43,我认为大家给一部作品打分，应该是从作品本身出发，而不是因为这部作品中的某位参与人而恶意低分，一部作品的完成不单是靠制片人，为这个事件背锅的不应该是这个作品。
2022-07-28 23:42:38,第四期在海边带着工作人员一起跳舞的画面，被治愈了，生活里最最美好的时刻
2022-09-30 18:55:06,终于有综艺是真人，而不是秀了，我没有07快男情结，当年的比赛一场都没看过，但我得说他们确实有些冠军的本事在身上，起码，吸引我支持了五谷道场。
2022-07-31 20:58:35,请隔壁向往的生活看一看，回到第一季老友重聚的模式好嘛！不要塞一堆互不认识的嘉宾好吗！综艺最重要的是嘉宾之间的化学反应，OK？向往老粉气死过去……
2022-07-25 05:39:41,极挑之后唯一能看的内地综艺
2022-07-30 11:39:59,比向往的生活好看多了
2022-07-13 20:28:31,"太好看了，综艺请卷起来
一群不火的“男孩儿”，一路唱着歌大声笑。为住大house开心，也不介意打地铺睡沙发，能吃馒头就咸菜，也能大大方方的玩赖付钱大口吃肉。
和其他明星比，他们还是人，会有喜怒哀乐的反馈，会为了综艺效果放大情绪。
太喜欢他们合唱了。
第二期里，他们似乎很在乎豆瓣评分。
那看看这条短评吧，你们值得更好的资源，要一直大声唱歌啊。"
2022-09-02 12:54:39,又好笑又好哭，陪伴我过了好大一段放松的时光。喜欢那一场又一场即兴的音乐会，还有嘉宾之间的熟稔和松弛。其实没有什么特别的配置和设计，那些随性的吐槽和倾诉，都动人。上一次有这个感觉的是看《我们是真正的朋友》。
2022-08-24 08:00:26,豪不夸张的说，这个夏天的命就是空调和这群可爱的老北北们给的。我不想简单的用友情两个字来形容他们，15年里刻在生命中起起伏伏的羁绊，他们是彼此的希望，彼此的根。只是他们有30岁后重新出发的勇气，我们还有吗？我们的红日也只有自己来唱。
2022-08-12 08:49:02,真实的快乐，连我这个压抑的人都被感染了
2022-07-06 16:11:29,立马赶过来评分！我爱冷面笑匠陈楚生
2022-08-24 08:43:29,"《红日》初升，走出《芒果8号》的
《superboy》们唱着《我最闪亮》迎来光辉岁月。岁月流转，平凡岁月中，他因着《嘉宾》自嘲婚庆歌手，他依旧爱抢拍爱搞笑但这次他真的成了《姚老板》，他的《光》芒褪去糊糊的演出带货，他磨平《分裂》的棱角编写着老歌手的日常，他会在几杯白茶过后指点人生的告诉你不要《思念一个荒废的名字》，他听着《雪落下的声音》继续编织着热爱音乐的网，他凤凰涅槃后乐观坚强的述说着《其实我还好》，他用他的烂梗似乎在交代着《时间都去哪了》。《有生之年》见证着他们这帮老baby们《快乐再出发》，《活该》他们再次被关注被认可，共同期待着他们未来的美好岁月。"
2022-08-26 08:02:28,"大结局俞灏明王栎鑫再唱红日，这歌词对他们来说就是一语成谶：
命运就算颠沛流离
命运就算曲折离奇
命运就算恐吓着你做人没趣味
别流泪 心酸 更不应舍弃
我愿能 一生永远陪伴你
短短几集跟着又哭又笑，感谢这届老水手。"
2022-07-21 01:13:30,助力再就业的哥哥们节目豆瓣9.9的梦想。
2022-07-20 21:47:20,这是个“普通”的综艺：普通的流程、普通的策划、普通的投资，但是作为一个综艺的灵魂部分——人员，却是最不普通的，这也就注定了它的优秀。笑的想死也感动的想死，在这一群中年男人眼中，你看不到那种经历过一夜爆红却又迅速沉寂的拧巴，他们依旧热血，依旧真诚，谈起梦想眼里有光，拿起吉他就能歌唱。他们是我的青春，十五年过去了，他们依旧青春。
2022-07-16 20:33:44,《快乐再出发》是真的好看，五星推荐。超级穷的节目组，但是六个嘉宾超级接地气儿，就像在看熟人儿聊天。几个老男孩随便聊聊天都超级搞笑，内娱综艺好好学学，节目好看不好看不在于砸钱请明星和营销，请把机会让给这些真真正正有趣的灵魂。
2022-08-23 22:55:34,“谁不曾有过贼荒唐的青春？”0713的魅力在于，他们不卖惨、不矫情，就是开开心心和朋友聊天、喝酒、唱歌，给你最纯粹的快乐。但考古完后内心就会酸酸涩涩的，听到《红日》会想哭，听不得糊糊唱“我不在了”，无法直视国民仔手上的伤疤，会可惜他们这么多年都没有几个像样的舞台。我太爱最后一期的海边演唱会了，大雨、泥潭、简陋到不行的雨棚，没有舞美和地返也没关系，他们的业务能力一直在线，很好听！很好哭！很好看！“被故事选中，没资格懵懂”，希望老哥哥们下一个15年能顺利一点！！！
2022-08-02 08:06:19,熟人局看着好看麻了！没有说教气每个人又性格明显，我直说了就是人经历过起落落起之后会变得不那么功利，男人想去油也可以学学这里面的男人自嘲。好爱陈楚生。
2022-07-20 17:35:10,"很喜欢苏醒说的一句话:我们不消费情怀，但是客观来说我们就是情怀。老贝贝们在经历了人生的大起大落，浮浮沉沉之后，依然保持着对生活的热爱，对音乐的专一，始终没有丧失表达欲和独立思考的能力，而这是这个社会逐渐被削弱的能力，我很开心看到熟人之间的打趣，不是刻意的设计，而是自然而然发生的化学反应，我更开心看到的是他们在做音乐时的态度，一味的逗乐打趣终会让人感到乏味，态度的输出才是紧密联系的纽带，这种输出不止表现在语言也表现在行动上，老贝贝们在为人处世上的细节放大了这个节目的魅力。
另外，我作为观众感受到了被尊重，第一期有人提出字幕的问题，第二期字幕上就加上了每个人的名字，少一些套路，多一些真诚，说起来很简单，但是做起来却很难，节目组在策划上可能还有缺陷，但是却恰好让每一个嘉宾都能够自由发挥。"
2022-07-21 23:25:15,给虚假的娱乐圈难能可贵的真诚与开心一些心心，观众的要求已经很低了
2022-07-20 21:45:32,苏醒确实是天才
2022-08-27 21:39:10,"他们晚上边吃烧烤边聊天边听音乐边哭的那段我愿意称之为全球综艺最真诚天花板！！！
这十五年浮浮沉沉，他们得到过失去过，从一呼百应到无人问津，但心里依旧保持着最真挚最善良最热烈的少年心性！作为当初认认真真追过0713的人怎么可能不动容！
这个综艺没有什么游戏设定，没有人设没有任务，他们只是简简单单的做自己。不是一群不熟的人凑在一起尬聊，这才是最最成功的慢综艺啊！这是再多投资再多流量都无法复制的，全靠一群有才华又可爱人的真诚和美好！熟人局yyds！
看完最后一期真的想夸，老天爷都写不出这样的剧本！笑的时候放肆笑，惨的时候也是真的惨，海边那么大的雨也难当你们对音乐的热爱，愿你们永远都有这样纯粹的快乐。我的青春里遍布着你们的青春，再回头还是觉得当初很好很好。"
2022-07-24 19:52:48,学号子那里我眼泪都笑出来了，这是一群什么傻货哈哈哈哈哈哈哈哈哈哈
2022-07-14 09:49:39,"这才是真人综艺！！！
希望0713能一直快乐的做音le！
虽然看得出来节目组真的没钱
后期有一种质朴但是努力搞笑的精神！
加鸡腿！

比五哈更哈哈哈哈哈，比圆鱼洲更开荒，比现在的极挑更极限，比奔跑吧更累

期待更新！"
2022-08-25 02:11:39,我死去的记忆不仅没有跳起来攻击我，15年前用小灵通投爆掉的每一票，都货真价实的给快30迷茫又低谷的我打了一记强心针。比看心理医生来得快。今年第一次感受到开心。是15年前存下的。
2022-07-27 02:26:21,Miss pretty 回答回答，是你在喂喂喂吗～
2022-07-21 23:22:51,这6个人化学反应太好了，果然选对了嘉宾综艺就成功了80%。建议综艺以后都选真朋友来吧，这六个兄弟随便聊天吃饭唱歌我都可以一直一直看下去！
2022-08-14 01:38:57,观众想看的其实就这么简单
2022-07-27 13:40:27,还有什么是比一群40岁的朋友在沙滩上围着篝火跳舞更快乐的事情
2022-08-04 00:23:56,救命这群男的怎么这么有梗，而且都很接地气，我心中完美的朋友就是这样的。
2022-07-06 11:35:45,笑到想死
2022-07-13 21:57:55,真诚才是打动人的最好法则
2022-07-20 22:04:42,不需要流量，需要的是熟人局，需要的是真诚真实，和一颗历经风吹雨打后依然对音乐怀揣着热爱的心。
2022-09-12 14:41:10,“流量在假唱，歌手在流浪”🥲 
2022-09-30 23:16:48,好极啊！就是好极了！看过的最好看的国产综艺，没有之一。即使没有看过07年的快男，也能够被这里纯纯粹粹的人情味儿和音乐感动得一塌糊涂，但又是能一边爆笑一边大哭。做音乐的人并且有天赋做音乐的人大概是最幸福的吧。每个人都那么闪闪发光，一些镜头反反复复看好几遍都觉得不够。国综天花板，感谢让我认识这些人！最后一期演唱会太棒啦！
2022-07-29 01:10:39,"在内娱一潭死水的时候横空出世，很好，很真诚，虽然节目策划有点拉胯，但是嘉宾选对了，一切都没问题。终于不用在内娱看虚假的客套寒暄了，但实际上内娱还是死水，资本终将裹挟一切，所能做的，只是在无望的下一刻来临前保存好这一刻，然后希望下一刻来得晚一些。"
2022-08-11 08:51:07,为什么会这么红？是因为国综终于不把明星当明星了！韩综为什么屡屡被模仿？是因为韩综从来不把明星捧着，明星在综艺里就是一个正常的人。国综的制作人们终于get到这一点了！求求那些假模假式的明星们别上真人秀了！你们想当菩萨，就在庙里好好受参拜吧！真的不必来人间假装懂得疾苦。
2022-08-25 05:58:04,别的不说，《小镇姑娘》唱得真好呀！到了30岁，也会为这样诚挚的情谊感动，真的很治愈，很快乐！
2022-07-20 17:12:06,喜欢过0713和没喜欢过0713的都会重新爱上这几个老男人的
2022-07-29 08:26:23,再来几个金主吧。让他们再拍一万期！！！
2022-07-27 14:59:20,我永远都为真诚和坚持动容 第四期封神吧
2022-08-21 15:10:12,我爱你们！！
2022-07-31 20:58:14,希望能让国内制作团队看看，我们想看的综艺长啥样！！
2022-08-25 03:44:27,陈楚生人好好，自然、松弛、没有表演型人格，以及非常地 caring，无比尊重工作人员。最喜欢他们唱歌跳舞的样子，因为这些人太自然了，看久了会忘记他们是艺人，开始唱歌才会重新感受到他们的魅力和专业能力。
2022-08-01 10:01:10,1.今天是我注册豆瓣账号的第11年，前些天决定在今日观看这档最近关注的综艺，现在如愿完成计划！曾经在这天特别观看过电影、剧集、纪录片等，第一次选择观看一个综艺节目；2.虽然曾经没追过《快乐男声2007》，但看过一点、了解一些…今年在B站偶然刷到过苏醒【老歌手的日常】、晓得《破亿》上热搜的事…后来知道了《快乐再出发》这个节目…此前见豆瓣条目都没有竖版正式海报当封面，想上传一张，结果都没找到…万万没想到豆瓣终于开分时，评分竟然高达9.5分，真是让我意外…7月22日将其推荐给喜欢「陈楚生」的朋友，她25日就开始观看了…而我则是8月1日才正式开追…3.《我们是真正的朋友》是四姐妹的旅行，《快乐再出发》是六兄弟的远行…第三期他们去演的戏竟然是《一起同过窗》前两季导演的新剧《我有一个朋友》……｜08.31：月初开看，月末追完。……
2022-07-26 22:56:12,"怎么会有这么温暖的节目，看到他们海边烧烤唱歌大笑大哭让工作人员来一起跳舞，真的太纯粹了。

苏醒：“敬我们过去的光辉岁月，我们现在的平凡岁月，未来的美好岁月”。 他们真的有底气说这话，也是最真诚地在说这句话。"
2022-08-18 01:24:00,This is life.
2022-08-25 12:25:59,"满足老哥哥们的愿望：豆瓣评分9.9
（这可能是老哥哥们豆瓣评分最高的作品了，别立虚假人设，做自己更受欢迎）（希望你们做遵纪守法的公民😠不要偷税漏税😠不要出轨😠不要pc😡）"
2022-07-27 00:00:37,"能遇到这个节目真好。
明明生活是座巨山，但作为小人物曾经也不断地一次次地鼓起勇气去冲锋。大家总告诉我们拼搏了就能翻越巨山，只要再努力一点，再多点时间就好。
但如果付出一切代价却什么都没有改变，只有渐渐消退的发际线，发福的身材和一地鸡毛呢？我觉得他们给出了标准答案——— 至少，至少可以让自己坚持是自己，在山脚下知足地唱起歌。我们仍然会用这一生和这座巨山搏斗，但如果无法斗过，那就斗不过呗。笑一笑收起眼眶打转的泪水，继续唱歌吧。

还好，还有热爱，还有音乐。"
2022-09-10 15:49:08,管你们呢？劳资就是给100分！
2022-08-01 12:53:50,哈哈哈哈哈让他们住在那吧反正他们也没活哈哈哈哈
2022-09-02 11:32:03,节目组只提供障碍不准备解决方案的后几期比开头好看，出彩在六个人节目外积攒的情感关系上。要好到能骂脏话。“导演这猪蹄汤我要了”“我们五个都是冠军”“笑吐了”这种神来之笔我反复播放。0713的好看几乎是不可复制的，要从前够红，现在够糊，音乐够靓，关系够好。六个人性质各异，相得益彰，苏醒的将军特质大放异彩，全员娱乐行业老人，为节目尽心尽力也是看点。除了偶尔的煽情我吐吐舌头，其余的嬉笑打闹真是好。唯一遗憾的是身为同人女想去文里找找乐子，发现嗑不下去，我看懂她们的语言却只能当笑话（更加好笑了）
2022-07-20 10:21:48,住酒店。经理说不含早。我以为是不送早餐或者没有早上电话叫醒服务。结果是不含第二天早上的时间。必须七八点离开房间。哈哈哈哈。
2022-08-24 11:58:49,不用着急变成一个大人，不用那么快地、不加思索地，进入那个系统～
2022-08-10 11:40:24,姚政太好笑了，太可爱了，节目效果拉满，可以请来做再就业男团的常驻吗！
2022-08-11 11:58:58,有趣感动真诚，回忆杀，当年的偶像也是真实力
2022-07-19 19:24:38,加更的更好看！很喜欢这几个二货喝醉的样子！~
2022-08-23 13:13:09,综艺中的任务应该是给观众带来快乐，而不是给嘉宾带去考验。希望其他综艺导演能懂这一点~
2022-08-24 03:51:05,"其实节目策划挺匆忙的，但是后期比较用心给力，加上嘉宾本身的特质，让这个节目有趣起来。
陈楚生散发着威严、责任感，天然的领导力使他凝聚着这个团体，其他人不仅是认可他的业务能力，还发自内心尊敬他，偶尔的金句补刀让他整个人更鲜活；王铮亮像一个扫地僧，成熟稳重、业务能力强，有他在就会安心，似乎所有事情都不会变得无法收拾，超强的业务能力与超烂的梗形成反差，令人惊叹的同时令人无语凝噎。其他人也很好，但是这两个人，是我喜欢这个节目的很重要的一个原因。
那种经过岁月沉淀的平静与美好在他们几人身上提现得淋漓尽致，不同的阶段都有需要经历的事情，人生数十载，等到不惑之年，回头看看，其实我们有荒唐肆意的青春，这个青春里有梦想、有理想、有朋友、有爱人。有人在前行的路上放弃了原本的跑道，忘记了梦想，但也有人一直在坚持。"
2022-08-25 14:18:12,太上头了。谢谢跟我一样年纪的老哥哥们，带着满满的真诚，以及烂梗，一起走过的2022暑假。娱乐圈死灰复燃。Keep real！
2022-08-22 12:17:29,真诚，真实。现在国产综艺大池子里最缺的，这部0713都有了。这也是为什么口碑爆炸的原因。观众想要的，其实不复杂，其实很简单。
2022-07-08 13:25:01,我终于看了最想看的综艺的样子，没有人设、没有抢戏、没有突然爆发的矛盾，没有尬到脚底的煽情与和解，大家你闹我笑，你唱我和，真实、有趣、温暖。
2022-08-25 21:44:19,嘻嘻哈哈打打闹闹做成了至今我看过最好的国内音综。
2022-09-10 13:18:08,wc稍微顾念一下兄弟情都不会开撕，看来并没有什么感情。
2022-09-11 14:03:51,值得高分，某家粉丝恶意来一星，真的是恶心
2022-08-14 18:03:51,我哭了～我又哭了～
2022-07-17 13:48:21,"这个节目是怎么做到我笑了好久好久，一看进度条才过了一半。。。
真实，能抛梗能接梗，关键是随便一个号子歌（如果放到其他节目绝对无聊到死）都能笑到头掉，怎么做到的啊哈哈哈哈哈哈
评分：9.3/10"
2022-09-10 15:09:42,怎么都不至于打一星吧……
2022-08-25 16:52:09,真诚是年轻时的优秀品质，老了以后的稀有宝石。
2022-07-13 02:50:52,搞笑 内娱少有的活人。
2022-07-29 23:28:21,只要你喜欢这个节目，我们就是好朋友，再就业男团值得。第四期哭得好开心，沙滩、海浪、烧烤、音乐、朋友、酒，真的太美好了，他们六个最后邀请工作人员一起乱舞，是本年度综艺节目封神时刻，不可能有之一。最后，为9.9分出一份力。
2022-08-24 21:45:40,老友局就是比拼流量硬湊在一起的卡司有火花，損的時候是真損，走心的時候是真走心，總會有綜藝之神降臨在無法意料的地方，毫無疑問是2022年夏天最好看的綜藝，然而，平平無奇的策劃終究是平平無奇的策劃。第二季會有的吧，預算會增加的吧，那就希望別像《嚮往的生活》一樣有錢了而節目變難看吧，我不想以後再懷念一次窮酸又真摯。
2022-08-29 13:34:23,只有五颗星吗，我想多来点
2022-08-25 21:32:52,15年前的那个夏天，谁也没想过他们的未来是这样，好在这里没有一个怂人。（芒果真是每年都能出个爆款）
2022-08-24 02:15:10,一群熱愛音樂 熱愛生活 熱愛彼此的老北鼻們 業務能力抗打 真實 好哭 「誰不曾有過 賊荒唐的青春」坐等豆瓣評分9.8
2022-08-24 13:31:59,"看最后的舞台的时候突然领悟到，他们平时打打闹闹互开玩笑，然后把对彼此的浪漫和真诚，都放在音乐里。
//内娱竟然真的有这种没抄袭、不做作、没互撕、还好笑的真人秀综艺，真是天降～然而天降就意味着稀有和偶然，目前的制作水平，很难期待可以持续产出这样的综艺，甚至可能第一季大红之后第二季就会变了，但是还是怀抱期望吧，期待从昙花一现变成遍地开花啊～"
2022-07-27 02:01:00,目前第四期封神了
2022-08-24 13:15:58,真真切切地被他们的真所感动(第一次给综艺5星)
2022-09-04 10:08:43,很直观的小成本（简陋的住宿和场景、舞台、每天限额吃喝导致要借钱度日），却找到团综的内核：真情实感。几位虽自称糊卡，但也都小有名气，却基本没有靠名声骗吃骗喝，每一餐基本上都要努力获得，只有出海那次正好撞上禁渔期，应该是节目组出BUG，要不他们说不定真的要去市场摆摊卖鱼了；帐篷营地那次也很明显靠人情关系，但也只是没什么游客的平日借用场地；最后的舞台竟然效果很好，大千的现场拍摄和后期剪辑很不错，当然几位综艺咖创造条件配合也很关键。0713看来是要翻红啊，但考虑到大环境，最好还是别太红，而是有机会好好的宣传歌曲，特别是自己创作的歌曲，细水长流才对得起这几位唱功不错、创作力很好的中年。音乐圈太多流量和炫技，现在音综来来回回就是那些人，不是太油就是资本的力量，应该有这些独立音乐人的一席之地
2022-08-24 20:20:43,因为现在都不正常，所以正常的人变成了榜样，何况他们很优秀，制作团队出片也不错，能做到这个水准也算是平地抠饼了。接下各位就来活来钱，继续努力奋斗，想看第二季，想继续听你们唱下去，完事儿。
2022-07-28 09:05:18,前几集四星，到最后一集糊糊撤掉雨棚唱《就好》，一身孤绝站在雨里的时候真的触动到了我，还是十五年前爱过的那个人，爬上来改成五星。音乐人果然还是搞音le最好看啊，喜欢他们每期的吉他即兴一人一句信手拈来，就连广告歌都好听，《写不出来》《不要抢拍》《奶奶》都是半首就很绝。以为第四集的海边篝火晚会就是高潮了，没想到第六集雨中演唱会更动容，灏明《其实我还好》明栎《明日》，这个选曲我不知道说什么好，内心落大雨谢谢大明哥😭 远子《有生之年》想到了《祝愿你》但要好上很多，我感觉远远是会把内心的黑暗面放到舞台上释放的，他有很多沉重的东西但平时都放在装傻的表面下，舞台是他的宣泄口，这种反差就很迷人。虎子《别丢了你的勇敢》太疯太rock了，很少见他那么释放自我的一面。为酣畅淋漓的老哥哥们live打满分，下季见！
2022-07-13 18:25:04,荒山里折腾了大半天，每个人脸上都沾了汗染了灰，可是破皮卡的后座上，迎面而来的海风里，他们依然想唱就唱，面朝着一望无际的大海。这大概是今年看过的最闪闪发光的画面了。
2022-07-26 22:50:53,第四期直接封神，看完以后更爱苏醒了
2022-08-25 21:27:31,时光可变 世界可变 友共情不变
2022-08-17 13:30:22,各有特色，综艺笑果拉满，旅行、音乐！一群人一起玩真快乐啊！当群演那集演的比男主好多了……
2022-09-12 15:46:49,年度最佳 跟罗pd又近了一步
2022-09-17 13:22:21,内容全靠嘉宾撑，但是为什么那么好看好笑！多年之前对快乐男声无感，想不到多年之后会突然喜欢上他们。
2022-08-25 01:11:53,看完感觉众生皆苦，抱歉一个让大家笑到飙泪的综艺竟让我得出如此悲观的结论，但确实不少对话内容触动到我，才华横溢的人照样活得遍体鳞伤，人生来就是渡劫的吧。苏醒已不是当年动心的那个苏醒，不过百万文案的强大一如既往。喜欢陆虎身上的柔软坚定，那么下意识地为朋友推歌，让苏醒红了眼眶，还有沉吟片刻说出我讨厌演戏，我也想这样坦率相告，老娘不想干这个，老娘从读大学起就没喜欢过。海边音乐会，王栎鑫《就好》绝好的live，状态里全是故事。灰蒙蒙的天幕和雨滴构成完美布景，小小的一只背手闭着眼，那些倔强，那些宣泄，爱的尽头是片黑暗，我心惊地同意。会写歌真好，有一群老友陪在身边真好。
2022-07-21 20:35:22,已经很少看到这种搞笑的综艺了，之前是一年一度喜剧人大赛，也是挑着看的，而快乐在出发却是全程无快进，有意思的地方还会调回去在看一遍的综艺
2022-08-24 03:26:46,0713真的太绝了，熟人局太妙了，每个人都太有才华了，组合在一起就产生了最好的化学反应。《快乐再出发》，不仅是我心目中最好的搞笑综艺，还是我心目中最完美的音综。一个应观众催产出来的B级综艺，最后一期，在海边的大雨泥泞中，勉强用木板渔网和帐篷搭起的简陋舞台，淋着雨的话筒，简单调试的设备，客串的键盘伴奏，每一首都美妙绝伦，唱到我的心里！呜呜呜第二季搞快点！求求了！
2022-08-05 18:07:32,最难忍住的泪点是真诚。
2022-07-15 01:02:24,蘑菇屋一路追过来，熟人局真的太欢乐了，互相吐槽很放松，随手弹唱都很有才华，明明是音乐人，一点包袱都没有，大哥语出惊人，亮哥烂梗王，AllenSu carry全场，虎子天然萌，糊糊表情乱飞，最后远远全程放飞，仅剩的偶像包袱可能只出现在舞台上，节目里真的是毒舌中二又搞笑可爱。希望节目有机会能一直做下去，我的欢乐源泉和下饭神器～
2022-07-27 00:03:08,"五分的成员和三分的综艺 折合四分
7.26改五星"
2022-08-23 21:50:22,收获了难得的快乐
2022-09-10 15:55:30,看到热搜被恶评了，我要补好评，真的真的太好看了，看完还考古了苏醒和陈楚生，好喜欢他们两个。
2022-09-10 18:07:42,不理解恶意差评的。我以为《快乐再出发》是当今难有的一片净土了，我以为0713的粉丝足够成熟了，没想到还是有饭圈文化……难道要把他们兄弟的感情搞坏你们就甘心了吗？
2022-09-04 08:46:54,真的很好，给痛苦的生活点亮了希望。好久没那么笑了，就算对这几个人都不熟也可以入坑，不亏。
2022-08-27 00:18:52,好像是第一次看完一个内地综艺节目。形式不新鲜，但胜在够真够诚有趣有味，而且还是这么几个多少知道点但从未产生过兴趣去了解的人制造出的化学反应，有点意外。最受触动的都是他们聊音乐创作音乐表演音乐的时刻，多少不论，但确实是有才华且认真在对待的。陈楚生这个人挺有意思，明显是更有厚度的那一个，冠军身份名副其实。9/10
2022-07-25 12:35:14,综艺不就是该这样吗？找一群熟人，可以各种开玩笑，百无禁忌，这种化学反应可真是太好了。希望一些金主爸爸及制片人可以明白，我们对综艺嘉宾咖位大小没要求，不管是顶流还是十八线，只要是一群相熟的人，就可以，可别找一群不熟的在综艺里尴尬相处了
2022-08-08 18:46:07,以前没发现苏醒和陈楚生原来都那么好笑，但是是两种不同类型的搞笑哈哈哈哈。
2022-09-10 14:44:34,节目本身质量没问题，沾上粉圈就是会被恶意打1星，6
2022-07-29 23:10:26,看的时候想起了我喜欢的一句歌词『你笑着说我们都老了，那神情像孩子一样』。十五年倏忽而逝，他们都无可避免地走向衰老，也会被笑是遭遇中年危机的油腻大叔。看到这些评论的时候难免会映照自身，因为我也无法避免地老去了。所以就更喜欢看，看他们的插科打诨，看他们的云淡风轻，看他们跟无法倒流的岁月握手言和却又暗暗抵抗，看他们忆起往昔时垂泪，甚至抱作一团。这种状态很放松也很家常，就像日常里我最喜欢的好友聚会。只有多年好友才会有这样的默契、从容和放肆，这是一般真人秀很难拼凑出的模样。而我也从中汲取能量，短暂忘却了生活中的紧绷和焦虑。谢谢他们，让我完成了一次人间观察，一次能引起无数共鸣的人间观察。
2022-08-25 13:54:38,只能说这档综艺值得~虎吉真是大家的贵人，也是观众的贵人！这个评分说明内娱还没完
2022-07-17 07:26:15,笑点过于密集！一个没有经费的穷节目，硬是被这几个老北北，用一根老冰棍的钱做出了哈根达斯的效果！
2022-08-23 22:34:53,2022年精神布洛芬。有时因为太好笑而感到弥漫着巨大的悲伤。
2022-07-27 00:55:12,第四期真的好牛！忍不住在还没完全播完的时候来打个分，搞笑得我直拍大腿，最后还被感动到呜呜呜，真诚永远是最珍贵的内核。ps.他们和工作人员一起跳舞的画面，太动人了。
2022-07-27 13:03:38,"谁不曾有过贼荒唐的青春
谁又信誓旦旦说爱你永远不变
当我唱起那首熟悉的老歌
是否你也想起那年的夏天
“是的，我从没忘记过那年夏天”"
2022-08-24 13:27:25,看得出快男之间的感情是真的好，真实才是最好的综艺效果吧。一晃而过的15年，还记得那年夏天支持的是苏醒
2022-07-28 14:56:20,群像综艺，每个人都性格鲜明但不平面，没有故作标签的刻意，也没有抓马的剧本。几个老友围坐一圈而已，这种情谊尤为动人。他们活色生香，那年夏天闯入乐夏手撕剧本的五条人也是，当立体的人闯进来，刻意为之的平面就再没意义。
2022-09-02 19:40:52,一群被综艺之神眷顾的鲜活的内娱男艺人。遇水则发，都给我大发，来活来钱来缘。
2022-07-08 14:00:16,终于等到一个有团魂的团综了，从蘑菇屋之后一直在期待。节目策划蛮一般的，但是再就业男团有化腐朽为神奇的能力，灵感的碰撞和灵魂的契合，再平凡的生活也能被谱成歌，有这么一群三五好友，实乃人生幸事。可以随时随地玩梗还有人接的住梗，不矫情玩得起是一部综艺的基础，但是很多综艺连这一点都做不到。老哥哥们信手拈来的音乐才华和沉淀多年的人生经历又把节目瞬间拔高几个度。他们在海岛的皮卡上唱光辉岁月和活该时，我理解了何为“男人至死是少年”。
2022-09-10 09:51:38,我觉得这个综艺9.7分很正常，9.6就有点低了。
2022-09-01 00:28:28,高分吸引来看的综艺，没有辜负期待，超级治愈，内心综艺排名No.1 ！！跪求第二季，真的超喜欢看一群认识十几年的老朋友在很放松的玩梗聊天！！
2022-09-14 06:40:35,有情怀有专业有业务能力有共情力，啊我好爱他们！最后一集虽然种种故障，但是陆虎眼神清澈温暖的说“事故，就是故事”，啊他在发光！！真的让我想起罗曼罗兰那句话“世界上只有一种真正的英雄主义，那就是在认清生活的真相后依然热爱生活。“ ”愿你历经时间 仍是少年“
2022-07-31 20:46:36,近几年国内最有趣的综艺。它的好就好在参与者不需要表演，观看者也不需要对爱豆有思想包袱，每个人物都是有血有肉、立体丰满，每组cp都能碰撞出火花。他们就像死党里普通的你我他，你的蔫坏、脱线、感性、沉默、你的高峰与低谷他们都能理解、包容并给予你可以依靠的肩膀、能够触碰到的拥抱。这样的综艺太好了，好到我只想一遍遍考古，并不想它有第二季。
2022-09-10 19:43:28,忘记评分了，希望节目组能搞清楚有这么高分确实很大程度依靠老哥哥们，拜托下一季好好策划，别浪费这群有趣又有才的人
2022-08-25 11:17:57,姚老板常驻吧 太搞笑了。再就业男团的经历解决了我的精神内耗
2022-08-30 17:36:36,怎么这么短啊啊啊啊啊啊！！！我能看一辈子！陆虎真的我的理想型了（外貌），我喜欢的咋都同一种类型啊！！王栎鑫的vocal太好听了😭陈楚生苏醒王铮亮张远也都好好听啊！！好好笑这个电视！活该也好好听啊！
2022-08-25 22:26:37,0713就像是感情深厚的大学舍友多年后的再聚会，一群大男孩哭哭笑笑，忆苦思甜，唱歌吃饭，当年人气爆火巡演万人空巷，如今对着空无一人的大海唱出人生梦想，唱出岁月沧桑，唱出青春遗憾
2022-07-27 00:25:29,看到第四期，封神了！这是我最爱的综艺！！
2022-08-04 00:33:01,0713😭梦回初中追星时😭人生就是在不同时段反复爱上苏醒❤️
2022-09-11 02:47:04,面对平凡的勇气，其实本身就闪闪亮亮的不平凡
2022-10-05 22:13:04,"比向往的生活还要令人向往！
被资本和流量裹挟的内娱中的清流，事实证明，策划再烂，剧组再穷，嘉宾才是重点，0713音乐素养真的很好，无论是糊到连粉丝都没听过的歌还是节目随便清唱都好听爆，当然是真的搞笑！"
2022-09-10 12:21:54,看完了才发现没打分，冲着某工作室不专业回应导致的粉丝来打1星的，节目是无辜的， 所以我来补个4星~
2022-07-06 20:44:19,0713集合！！！！！
2022-07-13 13:08:19,0731更新：当然知道会很好看，但是想不到可以达到这种程度的好看。导演说最喜欢第四集里面大家一起抬着防潮垫去海边晾晒，很像小时候去晒被子。我（目前）最喜欢第一集里面大家搭上岛民便车，一个人哦哦哦大喊，剩下的朋友立刻就能跟上：可否争番一口气——！感觉心情很轻地，小鸟儿一样，沿着海边公路飞扬起来。人类还是需要朋友，跟喜欢的人一起做喜欢的事就是好开心。
2022-07-13 07:07:17,就很神奇，我没喜欢过他们之中的任何一人，歌也听的不多，在《欢迎来到蘑菇屋》看院人的时候他们正好是前一拨人，无意中看了觉得这几个聚一起很有趣，现在这个团综真的像团综，比一些流量强行组局更好看。所以比起那些豪华配置，有趣也有感情的人聚在一起的化学反应是此类综艺的核心吧。
2022-08-17 02:46:52,好看的点不仅仅在于看哥哥们都很搞笑有梗，也在于他们有15年真挚真诚互相扶持令人羡慕的友情，在于他们对于音乐梦想的坚持不屈服不妥协，更在于他们每个人在音乐上有令人惊叹的非凡才华，有朋友间对音乐的相同品味默契配合。当他们开口唱歌，这时刻变得如此美好，观众们会蓦然发现，他们出道了这么多年，而我们在纷乱世界中遗憾的错过了这些好歌手这么多年。
2022-08-23 22:48:38,我哭了 我又哭了 祝所有人越来越好
2022-07-22 13:50:09,今年最佳综艺，没有之一。推荐！笑到我满地找头。快男我没看过，说真的里面我真的一开始是完全分不清谁是谁的，但是完全不妨碍我看完爱上他们的各种互动。
2022-07-20 20:27:44,虽然没有追过快乐男声，但不妨碍我爱看他们。这几个人一起从籍籍无名走向籍籍无名（hhh开玩笑），互损起来不留情面，但却又很牵挂彼此。节目策划一般，但他们制造了很多看点。「活该」太好听了
2022-07-26 23:23:27,可以说近几年天花板了，主要是这几个人状态饱满，他们不仅尊重他们自己，竟然还尊重我们观众，我已经十分满足
2022-07-21 22:46:43,因为15年前我拿我妈的手机给陈楚生投过票🥹
2022-07-15 14:03:29,"第2期直接起飞，笑厥古七了🤣🤣🤣🤣🤣🤣🤣🤣🤣

一个小鸡腿，你一口我一口他一口，真是关系好得不得了😭好羡慕他们的友谊😭😭😭"
2022-07-31 20:51:50,这是我没有参与过的别人的青春。
2022-07-07 08:44:11,太喜欢这种搞笑又自然的综艺了，没有鬼扯的剧本，没有撕逼剧情，就是一群熟悉的人聚在一起玩玩游戏，聊聊天，唱唱歌，搞笑又治愈。这几个老哥哥们个性鲜明，有趣有梗，没有偶像包袱，开得起玩笑，聚在一起真是有特别的化学效果！节目最后几个老哥哥坐在皮卡上唱歌，突然就泪目了，那些熟悉的歌曲是他们的青春，也是我们这一代的青春啊！希望所有综艺都像快乐再出发看齐好嘛～
2022-07-12 23:14:15,很久没有综艺让我这么快乐了。（综艺思路：不要找哪些平时无趣、不熟的人一起参加综艺了，就是要找有趣的人、熟人才好笑啊。）
2022-07-27 03:54:48,第一集节目组在安排寻宝游戏的时候，感觉还是有点尬的，从0713开始不按节目组的套路出牌，自己去吃饭，借钱，去打工还钱，打破了节目组的规定，变得精彩了起来。主要还是哥哥们相互之间的默契和非常有梗～不知道应该先求再就业男团可以上春晚！还是先求第二季！
2022-07-20 19:06:04,"中午的先导片，已经让我笑得发晕，也算是节目全程参与的互联网一份子，开播日太激动了！！！

0720分割线:

这个综艺盘活了死气沉沉又怪象乱生内娱，我看了真实的具有人气的明星。再就业男团值得这个分数，这可是等待了15年的团综啊"
2022-08-17 00:59:30,关系社会的最佳缩影——人与人的关系，人与资本的关系；有十年不问回报的最纯粹的兄弟，也有十年不得翻身的最残酷的交易。这哥几个倒更像是“乘风破浪”，被资本冲上浪尖又狠狠拍下，最终于学会了如何依附着波涛借势而行。而真人秀也终于又有了“真”字，什么奇思妙想的设计都不及两斤白茶一把吉他。
2022-09-18 17:48:34,力荐真的是，好看好笑好真，没想到现在出个这样的综艺这么难
2022-08-24 11:50:19,"看完了老贝贝们，他们好像一直在“等雨停”，只剩下我又哭又笑的。
"
2022-08-28 15:39:38,我来了，9.7分我觉得有点虚低了~~这个综艺是真的快乐，它不是只有秀没有真的真人秀，是一群真的喜欢音乐的人经历了各种各样的打磨之后呈现出来的，每个人都又温柔又刚强，他们是真的爱音乐，也是真心珍惜身边这些兄弟。
2022-07-29 07:47:34,太好笑太好哭了，我近期的快乐源泉
2022-08-28 23:13:04,太好了😭😭太好笑了又太感动了😭😭😭😭😭😭我哭了我又哭了😭😭😭😭😭😭
2022-07-28 20:48:21,各种好 他们对音乐的热爱 对自己作品不火的自嘲 对生活的知足 他们的感性 他们的欢笑与眼泪 他们的熟悉与默契 他们撒的酒疯都如此的刚刚好
2022-07-27 01:36:59,极挑男人帮之后，终于又有节目看了😭😭这样难得可贵的友谊真是让人羡慕
2022-07-27 13:26:37,你能想象，15年以后，这群老男人，又另外一种方式，再次圈粉？毫无滤镜，这就是我们和损友的日常。
2022-07-26 18:28:02,"我健身几乎不吃方便面 但今天还是买了五谷道场2022.8.23最后一期回来留言：这不是个综艺。这是个纪录片。"
2022-08-25 07:28:29,无剧本野生真人秀，不过如果再拍一季会不会有些过度消费情怀？
2022-11-21 12:13:23,全靠再就业男团“至死是少年”的真诚撑着。没有偶像包袱，有傻劲，有真诚，有作品，有才艺，这就够了。
2022-08-13 00:31:45,有一说一，设置上能看到不少热门高口碑综艺的要素，制作却更多是靠嘉宾扛起所有；所以导演组很明智，除了必cue的流程，其他几乎任由六位发挥（当然也导致了有时候忽然综艺效果跟不上的落差）。虽然不是粉，当年也只是比赛期间限定爬了苏醒，但见到这档综艺收视口碑都黑马其实很开心，内娱畸形太久了，实力和真诚什么时候开始竟然变得如此难得。P.S.当新生代明星在直播上“古装剧不需要演技”，当山寨偶像团体能轻而易举百万流量，十五年前的这批顶流却还在起起落落落落落落中初心不变。
2022-08-21 04:08:18,人有意思节目才有意思，一口气追到最新一期看得真开心，真人秀最关键的还得是真啊！而且get到写歌的有趣，跃跃欲试。
2022-08-14 23:25:41,陈楚生是真的喜欢音乐了，节目组说每个人只能带一样东西上荒岛，他第一反应居然是带吉他
2022-07-20 09:32:45,好像一切都回到真人秀最初的发展的时候，给节目做减法，真诚 朴素 简单成为了足以打败数部S级综艺的利器，真人秀市场里“秀”总是占了主导地位，而看到他们，就知道“真”有多可贵。
2022-07-30 19:09:08,这部综艺一定是国内综艺史的里程碑！如果他一直出我就一直充会员！感谢0713在07年夏天带来的感动又在22年的这个夏天让我笑到嘴抽筋。想一想还是很感动，在无人问津的十五年里曾经让我哭过笑过的那些男孩依然这么热爱音乐，并一直一直在为自己的热爱努力着。感谢在15年以后又让我遇见你们，感谢这15年大家都有好好成长。
2022-08-24 00:10:52,业务能力出类拔萃 发疯程度无人可及 
2022-07-09 00:37:57,一首《活该》 是谁笑着笑着就哭了
2022-08-02 10:15:38,内🐟终于有活人了！大千千万要继续保持啊，兄弟们一定要继续保持不作不膨胀正常发挥下去啊！！
2022-08-26 07:27:45,“当我唱起那熟悉的老歌，是否你也想起那年的夏天”，在笑不活和哭不活之间频繁切换。（看着生哥在过程中一点点打开自己，动人
2022-09-10 15:33:06,很好笑的节目啊！为什么要恶意评分嘞……
2022-07-10 20:59:57,急是急了点，糙是糙了点，穷也是真穷。但是是真好笑，还夹杂着感动，和一些酸涩。因为不只是你们夏天的风，我们也是那年夏天过来的呀！
2022-07-28 20:14:29,一开始觉得9点几评分不可思议。看到第四期懂了，说实话很羡慕这种友情。这种综艺才是真的综艺，不假，不走过场，不仅真实更重要的是多了真诚。芒果经常搞第一季很不错第二季拉垮的综艺，希望我这次不要说中。
2022-07-27 00:39:44,"【观看到第四期有感】
陈楚生真的活的好通透 
节目组躺平放养的策划
居然是内娱之光的节目 
从观察他人，再到自省
从相拥痛哭，到蹦野迪
够纯粹，够真实才是牛
少点精神内耗，多点快乐自在
好友两三，努力干事，认清现实，热爱生活"
2022-07-27 12:57:04,任何人没看我都会伤心的ok？！！
2022-08-09 09:57:20,内娱强心针！高素质初代秀人、时代回忆、内娱气候变化、大众真实需求，集体促成了这种现象级翻红，每一点都蛮值得分析的。不过本质上还是大家真的太想看到活的人和简单的快乐了
2022-07-27 02:09:31,看到第四期，救命这是我看过唯一一部必须要二刷的综艺，好多片段都记得清清楚楚，尤其是山东恐龙、春季里开花、热干面、一人一句号子、不含早等等等等，真的是人均无数个名场面哈哈哈哈，笑到头掉啊真的！
2022-07-08 10:49:25,"《再不疯狂 更老了》果真加更才是宝藏啊！谁想看他们做任务？啥也不干做音乐聊天侃大山才是最爱啊！哈哈哈 冲到9.6了！值得！！！"
2022-08-09 14:47:04,流量明星在假唱，实力歌手在流浪
2022-07-20 18:03:54,我不知道要有多幸运，才能有几个这样说说笑笑打打闹闹默契十足知道你的软肋也永远做你铠甲的老友兄弟们。我也不知道要有多幸运，才能在娱乐圈历经浮沉糊穿地表仍然保持初心坚持做音乐。这种自发的熟人梗不是那些顶流的虚假客气所能比拟的，所以自然可以迸发出火花。无论是在一起吃饭聊天互损做音乐，还是让人笑到头秃的渔家号子，或是历年真题的猜歌环节，以及他们走心地对群演生活感同身受，都让人觉得这群老北北们太值得了。《再不疯狂我们就更老了》《糊作非为的我们》这些名字难道不好吗？自从看了这个小糊综，再大咖位参演的综艺也都看不下去了，又假又高高在上甚至尴尬。自从看了0713的业务能力，才发现现在的小鲜肉男团有多拉胯。。。
2022-07-30 22:06:06,"满满的真诚、快乐，以及情怀。
十五年，能生出太多感慨了。也是我自己从懵懂幼稚到渐渐饱满的十五年。"
2022-07-27 12:50:55,陆虎真的很棒的音乐人！
2022-07-27 12:53:33,真实搞笑，很治愈～
2022-07-13 13:29:12,感恩的心 太快乐了 第二季可以安排上了
2022-10-29 22:39:23,从路人甲乙丙丁傻傻分不清到能够认全六个人，节目已经过半了。贫穷又随性的做法，再就业的“迷途”，接了地气，聚了人气，存了真气，算得上是综艺中的清流吧。第二季不看好，男团有了流量，肯定上档次，这样就改了初心了。不如打包去披荆斩棘吧，然后继续抱团。
2022-07-07 20:40:16,网友们的号召真正起作用的一个综艺。没有偶像包袱的几个老男孩，历久弥新真正的友情兄弟情的交往过程率真、轻松快乐。预算低的情况下将音乐和渔文化结合，第一期是荒岛探险逃生，既有节目的内容价值输出，又有随时唱起的歌和幽默的对话，整个过程没有丝毫枯燥无聊的感觉，目前看很成功。
2022-07-09 11:00:45,这帮人真好，我曾经真情实感的追随过这帮人，买过CD，追过综艺，后来我们真的就走散了，但是过了这么多年，我和他们都有了更丰富的人生经历，以前是青春懵懂的我，现在是有点生活历练的我，现在我们又相遇了，很妙。
2022-07-31 10:06:05,最新这一期苏醒为陆虎感动的时候说：咋们都因为自己可能感动过，因为爱情、友情或者亲情，但是你为了一个，没什么关系的人，你真心的希望他好，即使我和你萍水相逢，不一定有那么直接的关系，但是我有同理心我理解你的境遇，然后我去包容体谅，我甚至去帮助去鼓励你，这就是人性最高贵最闪光的地方。这段话真的说的太对了，人性中无私的爱才是真正的大爱。祝哥几个聚是一团火，散是满天星吧。
2022-08-21 01:02:47,反面说明了把一群不熟的人凑在一起玩是真的很没劲，旅行还是和重要的人才开心啊！
2022-08-30 17:29:10,跟着一起笑就完了
2022-08-11 22:47:44,没有人设，就是中年好友一起旅行，不比什么花儿xxx好看多了吗！
2022-07-21 21:20:26,哈哈哈哈哈哈哈，真的太有意思了，希望内娱多点有梗真实不做作的综艺好吗
2022-07-13 07:23:11,很自然，并且他们也是我的青春回忆啊，就爱看这种放松不拘束没有故意搞效果的，就是和身边朋友相处那样的啊
2022-07-18 22:00:17,给各位pd留下一个问题，做好综艺真的难吗？
2022-07-28 22:42:32,😠都给我火！但是节目组的制作还是有点拉垮了，全靠这六个人撑起来的。希望火了之后节目组别觉得是自己制作的好，就想着去炫技最后毁了这个节目。
2022-09-02 22:43:45,求求了让他们红吧 我希望他们每个人都能唱歌赚钱到暴富！
2022-07-26 23:05:55,和工作人员一起蹦野迪太好哭了
2022-07-30 14:54:44,真的比向往的生活好看多了，看了才觉得他们的友情真诚可贵，比向往的生活中走过场浮于表面的交情优秀太多了。
2022-07-23 23:41:42,我在看群演这集，好笑死了，几个人正好性格有张扬的有安静的，有老实的有狡猾的，好适合综艺男团呀，希望红了以后能一直拍这个综艺，不要换人，或者干別的去。。也希望他们不要红了以后就玩不起，国内综艺没意思就是因为都是玩不起的人，他们几个正好知名度有一点点，还玩得起，超有趣。。。国内综艺真人秀top级
2022-07-29 20:19:40,考公没上岸的我生活仿佛停摆了，我已经很久没有无忧无虑的快乐了，不知道路该怎么继续走的时候看到这群快乐的音乐人再出发，像是生活总会有希望的。陆虎突然回忆起奶奶，陈楚生想起姥姥泪如雨下，我也好想我的爷爷啊。2022年于我而言真是充满坎坷呢，大家都在大步前进，仿佛只有我在原地不动，希望我也可以早点快乐再出发
2022-09-09 03:12:35,四星半吧。7期节目看下来，真的仿佛当年第一次看到《极限挑战》时的样子，惊喜、激动，嘉宾们也自然、不做作、放的开，因为彼此很熟，所以开得起玩笑；因为热爱音乐，所以大家每一集都在创作氛围很好；因为有着共同经历，体会过高峰和低谷，所以很能引起观众们的共情。美中不足的就是导演对整个流程的掌控比较差，也能看到节目临时凑出来的团队，有些环节设计的让人无语，别说嘉宾了，观众看到都觉得匪夷所思，再缺经费也不能斤斤计较吧，这一点极挑就做的的非常好。整个节目看下来都感觉是0713哥哥们在hold住场子，节目组几乎起不到任何作用，甚至有的时候哥哥们都不知道该干嘛，感觉有导演和没有他没啥区别
2022-08-25 13:51:08,如果只是为情怀，那也打不到满星，但是重要的是人，我就喜欢看他们像家人一样的相处。
2022-07-20 22:46:12,真的笑死，近几年唯一的真人秀
2022-07-19 23:47:18,一场中年男孩的聚会，但总觉得十五年的岁月沉淀让那些轻盈的快乐都带着一层厚重的感伤底色。也因为这十五年在相对沉寂中埋头前进的人生，所以现在连幽默都拿捏了恰到好处的分寸，所以虽然煽情但不沦于肉麻。多交一些好朋友吧，然后守护好他们，这样老去的时候就不会感到孤独和害怕。这样，你就能永远做个少年，在突然大声唱歌的时候，有人应和。
2022-08-31 14:01:44,张远和陆虎真的很好笑
2022-08-31 15:49:32,是这个夏天看过的最好笑最真诚的综艺了
2022-08-22 20:33:24,这tm才叫真人秀
2022-08-30 22:54:43,真实的笑容，上一次是极限挑战的前两季，很久没有了
2022-07-06 19:41:13,唱歌很好听，后期不行，但还是值得8分
2022-07-29 00:21:22,挺有意思//竟然让我有一种在看新西游记第一季网综阶段的错觉
2022-07-29 03:49:37,真诚自有万钧之力
2022-09-01 17:49:32,他们教会我一个道理，最伟大的勇气不是冲破枷锁，而是甘于平凡。
2022-07-20 16:51:43,今天看完第三期，我仿佛也跟着节目组，跟着他们六个人，去体验了一天群演生活。一路嘻嘻哈哈，觉得非常新奇，非常兴奋，太好玩了!后来他们领了一天的酬劳，120每人，真的觉得太不容易了。爱他们的同理心，爱他们的善意，爱他们的真诚，爱他们的乐观。看啊，善良的灵魂，真的会闪闪发光，照亮人心！
2022-07-20 17:38:46,值一个10分！！！！
2022-07-30 00:57:41,自从鸡条4过后，我真的好久没看过能让我从头笑到尾的综艺了，玩着手机看都感觉错过了笑点，他们几个真的坐在那里唠一整天都很搞笑
2022-07-27 12:41:55,近期笑最多的综艺，陆虎真的是一个很棒的人啊
2022-07-27 12:48:38,内娱综艺之光
2022-11-23 20:11:24,对喽～~~~这才叫真人秀嘛，这六个老哥们真是走哪儿都有戏，就光拍他们吃饭淡逼就很有意思，而且给甲方爸爸打广告都非常卖力且真诚的感恩的心
2022-07-27 23:39:09,一群糊咖说比起普通人他们过得很好一点都不惨，和那些208比高下立见。这几个老哥哥真是内娱难得的真实，不立人设不卖惨，十几年了即使不火也在努力追音乐梦，发了好多无人问津的歌。就是一群接地气的努力生活的人，这样的人是你是我也是他。
2022-07-06 18:00:29,给哥哥们浅做一下数据
2022-07-24 00:00:38,年度最佳综艺，我已经不想看向往的生活了，即便有何老师。这是真正的真人，我们不是瞎子。
2022-08-30 01:49:29,很喜欢这几位歌手，但是快乐得未免过头了，看着王栎鑫狂笑的时候，反而觉得他的抑郁藏得很深。希望几位哥哥知道，我们喜欢的是他们的真诚、真实、有点抑郁、但依旧用幽默化解，如果没办法给带来太多快乐也没关系，他们的经历铸就的性格已经非常迷人了。
2022-09-09 09:17:59,几个火过又熄了的选秀歌手，硬是从这个破综艺翻红了，导演组就没当回事，资金也紧张，就这么穷的制作，居然翻红了！说明什么，互联网会暂时抹去人们的记忆，但是又会铭刻人们的记忆，当有一天拿出来看时，你会发现，看的不只是他们再就业，看的也是自己的青春
2022-07-10 14:42:40,连导演追摩托的穿帮镜头都好笑哈哈哈哈哈
2022-08-09 21:40:56,今年夏天的快乐，是0713男团带给我的。在他们身上仿佛看完了人的一生，有辉煌有低谷，在趋于平淡，但生活总是要继续不是嘛。
2022-07-27 10:34:57,第四期封神吧！   内娱最真实的综艺了！有人味，那几个男孩，那年夏天，今年夏天！开心！
2022-09-06 20:27:36,快乐快乐～😂
2022-08-31 20:14:45,"被热搜的视频逗乐来追了整季，包括蘑菇屋的两集，真的是太搞笑了。真的是男人至死是少年，一帮老北鼻在一块，在穷得叮当响的节目里，真的彻底释放了自己，没有资本的伪装，真性情的他们笑的时候大声笑，哭的时候大声哭，跑的时候用力跑，唱的时候尽情唱，吐槽彼此毫不留情，处处都是嫌弃，但处处都留着对彼此的关心和在乎。15年之后他们有了更多故事，有了对生活的领悟，有了对过去的释怀，更充满对未来的期盼。我一直很喜欢有才华且努力的人，机会来的时候，只有有本事有准备的人才能抓住，经得住时间的考验，有作品有才华又有趣，“活该”他们又火了，很棒的综艺，看着他们开心我也很开心，这个就是综艺最基本也是现在最难得的，希望这群哥哥们越来越好。"
2022-08-02 10:16:12,好久没看过这么真诚又有趣的综艺了
2022-07-23 11:29:41,那是我曾毫不做作的青春啊！历经生活磨砺，却依然不忘初心和梦想，还成为如此有趣的人！
2022-07-20 18:07:19,鸡条后最好的真人秀
2022-09-02 21:10:35,能有这么一帮我懂你所有梗，我包容你所有过去与不堪的朋友，此生值得
2022-07-22 08:44:02,"从蘑菇屋三刷到快乐再出发，一路追过来，这是我生病期间的调味剂，开心果，我妈说好久没看到你笑得像个傻子了。是啊，看到这群老baby们，嘴角不自觉就上扬。这次住院，巧的是隔壁两位病友都在追，熄灯后的病房，总有人在帘子背后的单人床上咯咯咯笑个不停。这大抵就是做综艺的真谛吧，让人不自觉就很开心。
"
2022-07-29 00:12:22,继第一季《极限挑战》之后很久没有看到过这么暖心的老友记向的好综艺了，0713六个大男孩都长大了腿去了曾经的稚气，不变的是对音乐的无限热爱与热情，吃完饭拿起吉他就可以一起创作一首歌，在彼此面前展示着成熟的体贴和关心，打打闹闹，感动温暖。生活虽然有时候不尽如人意，他们没有放弃音乐，他们都还在那条自己当初选择的路上前行着，属实佳作！
2022-07-26 10:52:29,属于是内娱综艺之光了。看完最后一期加颗星~
2022-08-27 02:16:19,这首红日唱进人心坎里…当年我也是真情实感喜欢过王栎鑫的人，后来再也没追过星
2022-08-25 20:45:36,这几个人回想起来这几个月也会觉得就像是一场梦吧，美梦。真实存在
2022-09-26 12:26:17,大家都成熟了不少，变得更幽默了，应该也是看透了不少，第二集即兴我哭了很搞笑，陈楚生的那段黑暗的小样太特么好听了。写歌啥的还可以吧，那年夏天这种词还出现在歌里，很难向上突破啊，还好俞灏明演戏去了
2022-07-27 00:19:58,"第4期太好哭了...15年前一起闯天地的朋友重新聚在一起，这配置已经赢了。一起经历过人生的起落，一起哭过笑过，才会有这种默契。眼泪都是真的，大笑都是真的，他们将这些年的感悟拿出来说，每一句话都是真诚的。

人与人之间的交互，在这个节目中表现得如此真切而动人，怎么不让人感动。这才是真人秀存在的意义。"
2022-09-14 11:05:48,前4集真的封神，又搞笑又感人，特别是去当群演还有王栎鑫在沙滩跑到吐，真的是笑抽了。 后面俞灏明和姚正来了开始准备演唱会了就有点JUST SOSO了。
2022-08-31 17:40:30,没有套路，没有剧本，看到就是老贝贝们真诚的友情和不被生活打败的乐观，也看到了15年前的我，曾经还去接过机，追过巡演的我，似乎，他们又回来了，陪我继续成长。很高兴这一次，他们又被大家看到了。
2022-09-01 08:53:17,他们有才又有梗，不翻红天理难容
2022-08-22 02:56:39,"本身很好的一部综艺，大家笑得自然开心，我也看心，本来看综艺就是图一乐呵。
这倒好，还不如让自大装逼阴阳怪气开不起玩笑的苏醒扫兴呢。。。。
看节目之前不知道他是这样的一个人，本来就只觉得他歌不好，这下好了，知道了他人也不好。
就像奔跑吧，有个装逼蔡徐坤我就不想看了，这个苏醒我真的受不了，恶心-_-||。。。。
毁我看综艺的心情。。。本来想找个神综来着。
另外五个人都很好，我很喜欢感觉被圈粉了（路人粉）。
另外，我真的很喜欢这部综艺，希望去掉苏醒来一季！！！！
陆虎有点像AK刘彰"
2022-07-06 21:07:52,我的baby们！爱你们！
2022-07-29 00:56:35,作为综艺来说，有梗搞笑，看起来轻松。但让我很感动的一点是，音乐对于他们来说，就像吃饭喝水一样自然，不带有目的性，只是顺其自然的一种表达方式，我很喜欢这种感觉，这种热爱让我觉得很治愈。
2022-08-05 01:54:56,咱就是说，真的很担心六个兄弟玩多了反而容不下其它队友了，姚政和灏明的加入会有什么火花？又期待又担心。
2022-08-25 20:24:00,这一组有望成为“新西游记”那样的神级综艺
2022-07-27 12:05:54,男孩还是有点阅历之后才会有趣
2022-07-20 18:11:10,没有一秒是不好笑的！
2022-07-30 00:37:01,我要自己像他们，在自己的一生中无论有怎样的际遇，有理想有热爱的事物有陪伴一生的朋友。
2022-08-12 11:40:09,赞助商越多的综艺，水份越大。0713，别被资本侵蚀了，第二季希望继续满上，张杰魏晨请不起，好歹也过来客串一下吧
2022-08-03 17:44:04,0713YYDS！近几年国内最好最真实的综艺，希望一直播下去啊！搞笑有梗但不尴尬不装疯卖傻，有动容动情但不刻意煽情，有情怀但不贱卖情怀。历尽千帆归来仍是少年的最好诠释大概就是这样，一群人在年少轻狂时，一起经历过最闪亮的高峰、最沉沦的低谷，归于最平凡的人生，十五年过去了，凑到一起在最穷的综艺里苦中作乐，在海边露营酒后大声唱着歌，时过境迁，但赤子之心未变。
2022-08-24 02:56:52,任何人不看这部综艺我都会伤心的OK？太好笑了妈的
2022-09-22 19:32:06,综艺的初心和使命就应该是快乐！
2022-08-26 00:05:49,人有再少年Q Q
2022-07-12 23:24:13,雨下得狠 我有点冷 我体寒今天需要人疼，远子真是够了哈哈哈哈哈
2022-07-21 21:47:26,朋友自在的相处，生活的气息。
2022-09-09 12:10:49,好好哈啊哈哈哈哈哈哈哈哈哈哈哈哈哈哈哈哈哈哈哈！！！//十五年来一直都fo着苏醒，从搜狐博客到新浪微博，一篇没落下。欣赏他的条理、表达，但他的音乐我一直都不感冒。除了分裂、北京city、小明之外都觉得太俗太难听了。//十二年前他说过一句话我印象深刻：骄傲在关注中虚荣 谦虚在无意间虚伪 我所做的只是尽量保持清醒//两度取关全都是感到他的言行不一，自视清高到令人生厌。但每次回关都是因为回想起他说过的那句话。//翻红了挺好，他真的配得这么多的关注。音乐除外。//综艺看了1/14，也就半集，没什么兴趣，但会看完。
2022-07-30 16:58:10,竟然在笑的同时有被感动到哎
2022-07-27 09:36:01,哈哈哈，脑残儿童欢乐多🙄🙄🙄🙄🙄
2022-10-06 02:15:44,满分综艺，有史以来我最爱的综艺。永远爱我的老哥哥们。最爱陆虎张远“降智兄弟”，同频共振，苏醒“钞”能力在线，小亮哥虽然是个烂梗王，但在生活里和音乐上相当靠谱。他们的音乐(le)是真的很快乐。
2022-08-24 16:49:44,0713的团综真的来了，一群这么幽默搞笑的音乐才子一起可以看100集！每一集都能被笑死、被感动，这样真、这样快乐的团综好久没看见了，期待第二季的到来！
2022-09-10 21:40:21,恶意打一星人是脑血栓吗？？？？我就是喜欢看，本来也不想来打分的，看见你们乱打一星，那我就来打5星咯
2022-08-07 14:21:12,好的综艺，真的不需要大牌明星，不需要豪华的包装，就像这样，内容原创，没有套路，真实的搞笑
2022-08-31 00:08:13,其实我们目所能及的，不仅仅是每集短短几十分钟的现代意义上的“真人秀”。而是从零七至今，自意气到练达，他们或冲州过府、或琴剑飘零的漫长时间缩影。
2022-08-29 17:16:46,无剧本综艺，国内综艺中真是难能可贵，各位国内PD们都要看看，不靠流量和“恶意”剪辑，认真做的综艺也是可以成功的。这几位老哥哥们自带梗王体质让好看度升级不少，即使他们唠嗑内容很人生鸡汤画面还是非常有趣。
2022-07-20 18:22:03,"年度综艺排行榜top1
不是硬凑尬聊的嘉宾 他们互相开得起大尺度玩笑 笑点密集 自然真实 甚至不需要脚本 第三期全靠他们自己支撑起来 节目组都只是旁观记录的作用了 

这样的节目才应该出到第十季吧 我不想看向往的生活了！"
2022-07-28 23:26:27,随着miss pretty起舞 生哥召集了工作人员一起跳舞 我真的爆哭
2022-08-23 03:37:10,很久没有看过这种让我笑成鹅的综艺了！就算大家都慢慢变成为生计奔波的成年人，心中仍有热爱，身边仍有挚友，这就够了
2022-07-21 23:39:25,没钱又真实的剧组太爱了！就是环节可以再精炼一点啦！
2022-08-28 20:22:24,老男人们真的好有意思！可以改名叫《当一群歌手用喜剧演员的标准来要求自己》，他们完全不让话掉地上诶。有的梗算是“打内不打外”，但不影响观感_(:з」∠)_ | 只有7期够谁看啊！😭看完又跑回去看《欢迎来到蘑菇屋》了，又笑又哭😭
2022-07-23 16:03:18,脸都要笑烂了，不咋看快男也不影响这个团综的欢乐5555
2022-08-28 21:57:10,好笑也好哭。好兄弟真的是善良真诚又沙雕。神经情景剧男团。去片场挺好笑的。只是节目组的策划还是得跟上不能太随意了。就会显得节奏不太好。
2022-07-17 01:24:43,看了《欢迎来到蘑菇屋》0713男团那几期，再加上《快乐再出发》。节目的架构都很简单的，自由度也没蛮高。更多的应该是0713男团真的很有梗也很放的开，打开了娱乐圈的新一面吧，没什么流量明星，也没什么架子。从极盛到接不到工作，几度沉浮还能再和年少时的伙伴在一起，明目张胆的回忆青春。有实力，有才华，也有了热度，谁不在青春年少时，莽撞过冲动过，成功过失败过，这几位娱乐圈基层打工人身上也是作为人到中年的普通人的缩影。节目可以再编排得更精细一些，未来希望可以出一档更用心的综艺吧。
2022-07-31 16:10:44,王糊糊跑吐那里是我今年以来笑得最厉害的一次😂
2022-09-15 00:33:35,看到几个人去横店群演，结束后聚会那段还挺感触的，他们知道自己作为艺人在片场受到的一些特殊待遇，也知道他们已经比绝大多数普通人要幸运多了。国内难得的不悬浮的，真实的综艺。
2022-08-26 21:36:55,这不是综艺，是生活，兄弟，别忘了你的勇敢
2022-08-10 00:52:01,目前四期了，毫无槽点的综艺，好久没碰到可以真的笑出来的综艺了
2022-09-07 14:22:44,前阵《蘑菇屋》那个综艺我看了一期就不想看了，其实还可以，主要是我不爱看明星的真人秀，总感觉真人秀都是在表演真实。所以这个综艺也直接没看，只看了很长的解说……他们去当群演之后的讨论挺好的，聊到真正的群演其实辛苦多了，“生存上的苦，我们尝得还是相对少的”；“跟很多人的苦相比，我们这所谓的苦不值一提”。比那些强调自己多么辛苦的爱豆好多了……（我当年看快男的时候超级喜欢王栎鑫，现在也没啥感觉了哈哈哈
2022-08-25 11:54:12,12万人评分，还能分数越走越高，国内综艺真的可以好好思考，什么样的真人秀才是观众想看的。以前觉得韩综就是简简单单让人去一个地方做饭，不用有流程，为什么就能挺好看的，而搬到国内就那么无聊，直到0713来了，原来国内综艺也可以很搞笑！这群人很有才华，别人上节目无聊硬cue的尴尬时间，他们用音乐轻松填满，真的是宝藏。
2022-08-25 18:36:56,从来没有想过，有一天，看国产综艺会由衷地笑出鹅叫，哭得撕心裂肺
2022-07-20 18:25:26,0713让我知道自己不是不喜欢慢综，而是不喜欢无聊的慢综（能从开播9.5涨到完结9.7我是没想到的（海边演唱会好好听，我哭了我又哭了😭
2022-08-24 00:08:12,继07年王大爷淘汰之后，我哭了，我又哭了
2022-08-24 23:42:22,一出温馨美好的老友记。山海之间，举杯会友，乐声相伴，每个人都是那么的坦诚，松弛，真心相待。它让我们重新认识到，「人」才是真人秀的核心；而所谓的综艺效果，不过是人与人在特定场景下的化学反应和自然流露罢了。有蘑菇屋的珠玉在前，这部团综的整体策划的确有不少未尽之处，流畅性和自然度也有所欠缺，但在简陋的条件下，仍然贡献了许多珍贵的瞬间，比如，“男孩女孩们，一起跳舞吧！”多么无束，多么从容。十五年前的许多个夏夜，坐在电视机前收看节目的我一定想不到，事过境迁，还会有这样的售后出现，而他们都变成了岁月的形状。借用苏醒的话，敬他们曾经的光辉岁月，现在的平凡岁月，未来的美好岁月。希望几位老哥哥放下包袱，不要被浮云所困，继续快乐前行吧。
2022-07-20 19:24:17,原来综艺也可以打分啊，上了热搜才知道，谢谢几位给我带来的快乐，祝不忘初心还有第二季。
2022-08-15 22:52:47,哭哭笑笑的，真快乐，真感动。不说综艺之神眷顾的附加分，和真诚善良等人类美好品质，光这些人的业务能力和敬业态度基础分拿满这一点，居然是如此难得的一件事了。
2022-10-02 09:27:22,难得的国产好综艺，看这几个大大小小的男人在一起太让人开心了，因为他们的真诚，也因为他们勇敢追求心中的梦想。不管他们是发疯还是犯傻，或深情的唱歌，都太能触动人心了。而且，他们的歌也都太好听了吧，那个王栎鑫是因为他前妻的恋综认识他的，感觉很有魅力啊，踏实负责又肯付出，还会自己创作写歌，唱歌还好听，也太棒了吧。俞灏明也是原本只了解他的影视作品，原来唱歌也这么好听呢，只是好像跟他们不是特别熟。陈楚生，声音超棒，又稳重，又有可爱的一面，有才气会创作，歌声好棒。王铮亮，钢琴弹得也太好了吧，神辅助。苏醒，不算特别喜欢，可以看出来很有才气，可是不知道哪里不太舒服。张远路虎一对活宝，也都是温暖的人。最后的海边演唱会，简直太棒了，每首歌都好喜欢，这几个参加披荆斩棘也都是没有任何问题的吧。
2022-08-07 21:20:04,男人至死是少年。爱音乐的老baby们都是宝藏啊！不矫情不做作不演戏不金贵，国内版新西游记的人选有了！
2022-09-09 01:56:45,我好爱王栎鑫 虽然在此之前我一直以为他叫王砾鑫
2022-08-25 00:19:22,确定王铮亮不是王宝强假扮的吗？
2022-08-23 23:13:32,"15年前，是高中晚自习偷偷用流量追直播的青春岁月；
15年后，是长大以后一起拼搏奋斗的平凡岁月；
下个15年，是愿0713愿我们都能没有苦难活得简单有不丢勇敢的美好岁月！
敬青春，敬永不放弃的0713，敬踏实生活的我们！"
2022-07-27 13:40:47,是好友老友的相扶与默契，是成年人对世界的爱与和解，是海阔天空，是风雨中只要我们都在就很好。一起唱一首歌，那不单是歌，还是心有灵犀，我歌唱我心。最羡慕这样的友谊。
2022-07-27 23:01:02,就还行吧，真人秀里还是无法撼动《极限挑战》第二季的地位
2022-09-19 22:58:43,熟人在一起确实很快乐，但整体比不上在蘑菇屋那期，也不怎么适合做成太长的综艺，钱不够这个设定真的没必要。为曾经喜欢多年的少年加一🌟。
2022-07-28 18:18:14,事实证明，情怀、搞笑和才华都能当饭吃。
2022-08-27 15:58:07,真的太好笑了。好笑源自他们自身的快乐的感染。无论他们是在努力营业，还是本身就是这么热闹，总之能被那个“快乐”感染到。喜剧的内核是悲剧，所以当一群有点背的人凑在一起，他们的好笑却又那么真实。因为太背了，除了用大笑打败沮丧，还能怎么办呢？真是一群有勇气的人。9.7的内娱穷综艺，也许能给某些节目上一课？也许也不能，可能下一季就不至于了。就好像我怀念北京怀柔小院子里那一季的向往的生活一样。。。无法复刻的
2022-08-24 20:39:52,脆脆鲨的爱你太好笑😆姚政真是个蚱蜢舞王者😂但是苏醒太咋呼，不太喜欢。这节目真就什么策划都没有，全靠几个人自己折腾。最后一期来加一🌟冠军陈楚生和上过春晚的王铮亮我是真服，虎子也是颜值和唱作实力都被低估，好歌都给出去了，能看出是特别感性的男生。坚持很酷，都挺好的。
2022-07-24 00:47:48,他们好有礼貌好有梗好温柔！
2022-08-24 09:21:06,又哭又笑，内娱难得一见的活人，真正爱音乐的歌手们，他们值得被看见。
2022-07-29 12:16:03,这个节目给我满分，他们梗太密了，笑的我都累了hhhh 无可挑剔的满分综艺了，一期比一期高能。所以说真人秀的精髓在于要找“真人”。完结补评：送它上十分有多难！最后一期太感动了，真正好的音乐要用人生去诠释才动人！他们做到了！宝藏男团！
2022-07-28 14:33:00,陆虎唱完《水手》后他说：“（这首歌）好像给了些答案。’他说风雨中这点痛算什么，擦干泪不要问为什么。’抗就好了。”这四个字、轻描淡写地从他嘴里蹦出来、殊不知是他们这一群人这十五年来全部经历的浓缩。好心疼、想摸摸虎子、也想抱抱自己
2022-08-10 01:51:36,我一直没有看综艺的爱好，对喜欢看综艺的人有没有脑子浪费时间的偏见，很多综艺也并不觉得有趣。但是0713真的太不一样了，真正贯彻了real，可以让人从头大声笑到尾，感受到一群人的少年气和真诚。07年的夏天已经是15年前，真有那种一晃眼我和我当时追的明星一起长大了的感觉。今年能有这样的综艺，是导演组的幸运，是0713的幸运，也是我的幸运。
2022-07-28 01:00:14,这五星纯纯给他们六个人，至于这节目的策划，不知道是太烂还是完全没有。。。。。。
2022-07-27 01:18:07,7.26这集，真的哭死笑死感动死。苏醒真的好有魅力，好有才华，那三个岁月，真的是最美的情诗。
2022-08-24 01:03:56,看这个综艺我没有快进一秒钟，有时候甚至倒回去，不记得有多久没有如此真实的综艺节目了。15年前因为真切的追过0713，15年后后再看他们就像回忆自己的青春，他们每一个都经历了磨砺然后成长，就像普通的我们一样。还记得当年因为栎鑫是我家乡的，然后爱上了他跟灏明。比赛结束后有一次他们回我们城市演出，知道消息的时候我已经坐在回家的大巴上，就那么一秒的犹豫，最后没有下车去看那场演出，没想到就这样错过了最美好的灏明。现在甚至不忍心去看他的脸，而他的性格也不再是记忆里明媚阳光的样子了，只有一声叹息，无比心疼。
2022-08-23 22:50:53,这个节目是我的宝藏，如果能永远不完结我该有多开心。做了各位15年的路好终于正式入坑了。休息片刻，下个路口见～
2022-07-21 22:04:06,有没有人能多给张远点机会，他表情真的好生动！！！
2022-08-25 10:25:05,就算回不到那个夏天，现在也挺好的
2022-07-28 16:31:41,"综艺最重要的是人，这个每一个做综艺的同事都清楚，之前提案会上大家都会把自己方案的嘉宾大说特说，然而事实上还是很多人没搞懂，这里说的人不是流量 热度 受众一类，而是人与人之间的化学反应，是契合度，是真实的火花。就算王俊凯刘昊然董子健真的是好朋友，他们仨旅行也是无聊至极。就算吴亦凡杨颖范丞丞刘雨昕陈伟霆之类的都挺火，可他们开店还是能尬出天际。这就是为什么韩综你抄也抄不来，快乐再出发也不可能被复制。"
2022-07-13 11:27:09,"让我们对虎子唱：听我说谢谢你因为有你~感谢陆艺统费心张罗来的团综！！
本来以为楚苏变中年落魄老男人了结果他们还是当年的处事风格，真好啊，还有降智二人组，怨种忙内和操心男妈妈，都意外地好笑。然而只要一起开始唱歌，又仿佛时光倒退十多年。虽然不清楚节目组的定位，但是他们自己是把内容安排得有声有色了"
2022-07-21 02:24:53,"哈哈哈哈哈哈哈哈哈哈哈哈哈哈哈哈哈哈哈哈
ps：陈楚生的古装扮相太有气场了吧，往那一站就是么得感情的剑客大佬，人狠话不多的那种"
2022-07-26 23:23:18,五谷道场赢麻了！第四期笑到肚子疼！
2022-07-27 02:08:19,"我哭了，我又哭了。看他们在一起比向往的生活还让人向往，好朋友就在身边。
很喜欢，快乐好像是可以传染的，看到他们笑我就想笑。节目组做到了一个很牛的事情就是放款了宽容度，这很简单，但是在近两年的综艺是很难得的，当嘉宾用自己的想法动起来的时候。双方的互赢也走向了真正的成功。当然，看完发自内心的高兴是最重要的。
原来不是只有快乐会传染，幸福也会。"
2022-07-22 02:05:11,好久没有看到这么朴素真实不做作的综艺了，就明显跟其他的那些综艺感觉不一样，没有那么多花里胡哨乱七八糟的花字和特效，也不像其他综艺几个不熟的人装熟在那里尬聊，一群人本来就很熟，这种情谊产生的化学反应更自然，节目策划看得出来并不复杂，而且也没有过多的剪辑，全靠嘉宾自由发挥，但是一点都不无聊，非常精彩，挺好，内娱明明还是可以有好综艺的，有人拿极限挑战和什么新游记那里作比较，有什么好比的呢，这俩太假了，再说本来也不是一个风格，一点都不一样，这个有意思多了
2022-11-15 09:33:21,最后两期，请俞灏明真的有点多余，明显全程融不进去……最后一期化演出妆哪里的发言真是情商堪忧，好歹还做过主持人的……其它都不错，整体轻松幽默。最后一期，除了姚老板的两首，有点听不来，其它人的歌都蛮好听得。
2022-08-26 06:36:30,07年的夏天没有迷上他们  22年的夏天喜欢上了这群再就业男孩 默契一流 才华满满 词曲信手拈来 能感受到嬉笑怒骂下一份感恩又敬业的心 他们是真的热爱音乐 最后一场演唱会封神 直接从4星+1🈵️🌟节目设定一般但可以看到所有参与者的真心 没想到自己会因为一档快乐综艺掉了好几次眼泪 
2022-09-23 14:13:34,"9.17
看到第三期了，中途还去补了一下蘑菇屋两期半。
不知道啥时候起，B站总能刷到快乐再出发的安利，我向往高分作品，但想看和去看总缺一个契机。
哪天在微博看到苏醒的热搜，很刚，很喜欢。
由此决定来看。
第三期去当群演，看到杀青后的那顿饭，张远说他们在生存上受的苦远远比普通人少，让我一下子get了这几个人的魅力。
已识乾坤大，犹怜草木青。
9.23
上班前公交车上看一会儿 很快乐。
羡慕他们十五年后依然保持那种热情追逐的状态，或许这是一个有理想的人的常态吧。
在这个秋天认识了一群快乐又有才的人，很温暖。
"
2022-07-08 23:01:37,第一集去荒岛真的蛮莫名其妙的完全可以就他们自己个儿聊聊天做做饭。
2022-09-14 22:00:55,他们让我们明白，只要一直坚持心中所爱，时间总会给我们想要的答案，哪怕这过程要用15年，或者更长。另，234期笑到颧骨痛，我都不记得上一次完整看完的综艺是啥了。
2022-07-25 01:54:53,被王铮亮的老梗烂梗快笑死了😂
2022-07-26 21:58:38,陆虎听歌被感染哭了，苏醒被陆虎的善良感染哭了，王栎鑫看苏醒好多年没哭过，哭了，我看他们哭我也哭了，我哭了，我又哭了😭
2022-08-30 17:18:49,都太有梗了哈哈哈哈哈哈
2022-08-03 12:29:15,"太好笑了 轻松愉快旅行公路片
每个人都超有趣
另外，苏醒真是太好玩了"
2022-07-08 22:25:23,"《活该》好听，有被打动。
我没参与那个夏天，所以对他们没有什么情怀。但是看着他们在一起聊天、喝酒、玩音乐，以最轻松畅快的方式在一起，就是很舒服，很开心。
陆虎说:“身体上的累不是累，精神上很放松的”。这样身心的畅快如今多么难得，而这种愉悦是会感染人的，有这样的节目看，真好！
在最肆无忌惮的放纵中，他们依旧清醒，聊天有内容，有输出。谁知道节目结束，他们还会做出什么样的作品来呢？
而对于节目设置，糊糊们还真是花不了多少钱，一出大型实景荒山逃脱就玩的很好了。或者说，快乐原本就与钱没什么关系"
2022-08-24 09:41:35,"全部看完了，你会发现有时候找一帮熟的人，一帮在行业内摸爬滚打起来却没有傲慢的人，聊起来是真的开心。
[同学负责节目后期，说就算看起来有些是“不能播”的内容，其实也是尽量保留下来的。原始素材更加生动，可惜我们看不见了。]"
2022-08-30 18:34:04,真香
2022-08-30 17:22:34,"多年的默契。
纯粹的快乐。
现实的浪漫。"
2022-07-27 10:02:08,最新一期看完就是四个字“上进知足”最真诚的祝福送给最真诚的综艺。（希望有第二季吧）
2022-07-20 17:30:51,选对人，节目就成功了80%，综艺我还是喜欢看有脑子的活人做的，也千万别像有的节目自以为是屈尊降贵搞些上价值的环节，别别扭扭的平白让人烦
2022-08-22 00:09:58,内娱活人 音乐老将
2022-08-30 22:35:09,从不看综艺，却被这群少年时代的偶像整破防了…..这般鲜活群像人物换任何剧本都写不出，几个人在一起竟如此登对，高光之后历经沧桑最终乐得平凡，这不是综艺，这就是人生啊……
2022-08-26 11:18:08,好看，感动
2022-08-04 05:17:31,"老樹發芽現奇蹟，重操舊業暖人心
歡迎收看《大齡男團再就業記》"
2022-07-27 13:10:04,苏醒那一段话。真的很感人。
2022-07-20 23:11:19,满足几个哥哥们9.9的梦想
2022-07-26 22:17:06,活人综艺，笑得我满地乱爬
2022-07-23 23:59:07,继续更，不要停！
2022-07-28 13:31:27,新一期看到叫不摄影的男孩女孩一起来跳舞，就，太好了吧！完全赞！
2022-07-22 01:12:26,2022我的快乐是再就业男团给的。太好笑了哈哈哈哈哈哈哈哈哈哈哈哈
2022-08-22 23:16:45,从第一集笑到最后，又感觉不是单纯搞笑，说不清道不明的喜欢，直到听到这段百万文案：其实我们几个从来不主动消费这个所谓的情怀，但是客观上我们确实是很多人的情怀。这个我们首先会跟自己自洽，然后我们也会感恩当年的岁月。很多事情变了，但好像一切都没变，一样的何老师，一样的舞台，一样的灯光，一样的伙伴们。 
2022-07-27 10:00:06,看到一条弹幕，我觉得说的很好，大意是 没有刻意搞笑却处处搞笑，没有刻意展现友情却处处有情。这样的真实自然又有趣综艺给我来一打！
2022-09-12 23:07:27,宝藏节目，太久太久没看过这么好看的综艺了，真的是从头笑到尾，笑到肚子痛的那种，事实证明，观众真的是很在乎内容的，节目组没钱也毫不影响，完全没有剧本，就几个好兄弟聚在一起就会有故事，比那些演出来的设计的好不知道甩出多少条街，应该再早一点知道一个节目，早点看呢
2022-09-03 00:00:50,我很喜欢07年，那一年很疯狂，很热爱，看到0713能再就业，真好，因为我的男孩永远留在了那一年。延续了蘑菇屋的轻松自在，熟人综艺才能笑点密集。老北鼻们几个和弦就起调唱歌了，业务能力还是这么能打。时光偏爱过他们，即使现在回归平凡，也还是不平凡又幸运的。生哥不愧是一票一票投出来的冠军，很醇厚很舒服，苏醒还是那个社牛，张远在这里就变成了小弟弟。以前不认识陆虎的，真的被他圈粉，是那个哭着和姚政说我借钱给你发歌你一定要坚持下去不能扔我一个的小孩子，是那个听水手哭的稀里哗啦的小孩子，依旧保有很稀缺的共情能力。不论好的生活和坏的生活，不要丢了你的勇敢。
2022-08-20 19:12:44,宝藏综艺，真诚、调侃，音乐随时而起。
2022-08-30 17:09:22,基本靠卡司自己努力的国产综艺之光
2022-08-05 10:45:37,真诚无敌，节目环节挺没意思的，但是有些人在一起就是有化学反应
2022-08-09 09:15:06,竟然有了韩综的感觉：简单朴素之中，却展现真情。这样的友谊谁不羡慕啊？而且他们有自知之明，知道自己已经拥有的已在许多人之上，所以感恩，所以善良。他们的笑和泪都好动人。希望这个节目能继续下去，且永葆赤诚和真心！
2022-08-29 22:54:18,220817，0713是我的青春啊，当时喜欢王栎鑫、张远和苏醒，不知为什么对陆虎和姚政完全没印象。蘑菇屋特辑时觉得苏醒有点绷着，这里却被老歌手安娜苏狠狠圈粉。再就业男团关系好没包袱梗多乐观，作为综艺是优秀的；更关键的是业务水平高热爱音乐不忘初心，真切感受到那种比你优秀的人还比你努力比你乐观的榜样的力量！很像《戏剧新生活》但更积极向上，太治愈了，感谢你们，这个夏天因你们而更快乐！
2022-08-27 23:37:57,"和蘑菇屋一样，最触动的是他们坐一起玩音乐的场景。对他们张口就能唱歌玩曲的能力已经从赞赏到了羡慕。不止是感叹他们这些歌手扎实的基本功，而是羡慕他们可以如此自如地表达。音乐舞蹈文学诗歌电影都是表达，但是他们幸运地掌握了我觉得是最快最方便表达的音乐。看着他们朋友三俩一起玩音乐的欢乐场景，真的有点羡慕。
另外，这个节目第二让我屡屡被戳中的就是再就业男团的“哲学大师”——陈楚生。“你在做自己喜欢的时候有什么不好”“哪有什么应该不应该”“当你爱这个世界的时候，你怎么会不爱你自己”。OMG是所有人到了40都可以这么通透了吗😭快30的我虽然不像王栎鑫一样觉得爱的尽头是黑暗，但是我觉得人生好多地方的尽头都是黑暗啊。简直是荒岛逃生一样的黑暗，要超级努力和幸运，才能忍受走到辽阔海边，登船启程。"
2022-07-19 21:42:30,真的是综艺逗大家开心的。不是来看撕逼矛盾的，都是真的关系很好很好的哥哥们，没有人矫情，虽然他们确实是很多人的青春…又有梗又可爱，综艺之神眷顾。已经很久不看国内综艺了，看这个和我看韩国的新西游记一样的感觉，综艺本身其实只是一点加成，主要还是看人的…
2022-07-28 22:34:55,很久没看过如此清新脱俗的综艺了，真挚的感情胜过一切煞费苦心的策划情节
2022-08-24 23:28:37,这个节目就好在一个真上，这几乎是国内最真的真人秀了，完全可以看到他们的真诚和纯粹。
2022-08-26 13:24:12,第一次“追”国综，上瘾。当然，也是因为期待低，知道比较短，就那么几周，加上近期就想放松看点无负担，没啥八卦的（现在看冷门小众的一个好处是不想看到那种热门话题下必然有的吵闹）。但也的确有趣，一方面真的是无套路的东西，现在最难得，最新鲜，让人可以无防备无预期的放松感受，一方面这些人的可爱因为他们的小透明属性及有限但真实的才华而放大了，虽然一直在卖惨却不让人厌烦，因为他们不是依靠卖惨要赚流量的“哥哥”，是经历世事后因为彼此友情而能在这样一群人的节目里坦然自在的“人”。我本来不喜欢贩卖青春的主题，也没看过快男，却还是被真实的情谊打动了。
2022-09-14 13:23:32,环节设计太粗糙太穷了，从头到尾的集体狂笑倒是让我共情怕他们想干呕
2022-08-01 23:53:46,真挚永远最动人
2022-08-19 23:31:16,不管怎么说，这绝逼是到目前为止最真实，最原创，最有感情基础的爆笑综艺。
2022-07-29 15:01:43,"看过他们在磨菇屋的二期，能响应大家的召唤换来了这个综艺，真的是惊喜了。想不到一群平均年龄近40中年男人居然这么好笑，幼稚得可爱，他们各有才华，他们活得通透，经历过人生的低谷，更能体会活着的辛酸，对于普通人的艰辛能够感同身受。
经过这个综艺，再去考古0713，真的发现苏醒是个很大度的人，他真诚又直率。
太好看了，不看是你的损失。"
2022-09-11 21:17:43,熟悉的人在一起就算做些很无聊的事情也会变得有趣。和蘑菇屋放一起看，很有意思
2022-07-21 13:14:47,原来几个“老男人”的快乐这么富有感染力，笑死我了哈哈哈哈哈哈哈吃饭慎看！
2022-07-20 17:53:09,目前为止，今年看过最搞笑走心的综艺。六位艺人的音乐属性100%，搞笑技能100%。综艺套路一般，熟人局轻松搞笑，艺人自带音乐属性，高度适配，全程无尿点。但不适合下饭，因为会笑到根本无法吃饭。期待后面几期会出现更多原创音乐
2022-08-30 17:23:43,真的很美好啊，志同道合的朋友在身边，喝不完的酒，说不完的话，唱不完的歌。
2022-08-26 11:00:07,郑重打下五星，我一集快男没看过，可以剔除回忆因素了，但还是觉得好看
2022-07-22 12:04:18,这才是新西游啊，满身满篇的梗，真的是“制片导演不担心内容，只担心预算”真是笑死了……最后演唱会的原创歌曲也很好听天吶
2022-07-26 23:52:44,终于可以自信的打高分了！我宣布，第四期是目前最好看的一期！苏醒真的各种梗都在我的笑点上，他一说话我就想笑。小亮哥也很好，找老公想找亮哥这样的，也很有趣好玩，还感觉踏实😁。
2022-08-24 14:37:29,本来说为了冲9.7打五星，看完最后一期真心实意打了五星。泪目了n次，比音乐综艺更音乐，比搞笑综艺更搞笑。最后的大雨，真的就是让人感受到了人生的高低起伏。期待下一季能保持水准
2022-09-09 01:50:30,"一天的烦恼说拜拜。
  00后，只认识陈楚生/这应该是近几年最好的综艺吧，让人发笑，一天刷了5期。/综艺找熟人就对了，就很像鸡条里红雷哥黄渤哥黄磊哥互爱互黑，能真的感受亲近和羁绊。而不是一些评论里说的油腻，不熟还乱开玩笑才是腻歪吧？/老友重聚，不聊聊过去一起的经历和心境，难道互相扯现在的情况，还能被说成卖情怀也真是服了。/喜欢小亮哥，懂你的冷梗，太有才华了，我也好想玩音乐去创作。海边音乐会绝了/有一群这样的朋友，真好。
  其实做综艺嘉宾是要自己想梗来制造节目效果，要让自己处于一个活力幽默的状态。当年鸡条也是这样，叔叔们会想怎样让节目更好看。
  第二季肯定会来豪气金主的？可能到时候真的能去开演唱会了。希望“旅游”存活综艺能保持初心，照第一季做就行。"
2022-09-01 20:58:37,看到后面 B站的剪辑版更好笑一点
2022-08-25 13:39:05,感觉美好。
2022-09-25 23:12:47,给你五星，再不疯狂就更老了…笑CRY
2022-07-16 16:34:37,难得有一个能让我完整看完先导片、加更版的综艺，希望能有第二季，然后顺便客串几位0713的哥们！这帮人就是自然的好笑，不用刻意去迎合，也不用刻意制造什么节目效果，在镜头前的互损就很真实。第四期及第三期加更太好哭
2022-08-23 23:52:44,兄弟们值得~我爱陈楚生和苏醒~
2022-08-08 15:58:32,这群人太会整活造梗了，玩在一起也太契合了，太会自己玩以至于导演组几乎属于放养式拍摄，栏目组真的太穷了，片头拉横幅那儿看一次笑一次，这六位跟“又穷又抠”导演组的日常斗智斗勇讨价还价还有剧组群演一日体验也很有意思，听他们一起唱《活该》是最感动的时候。
2022-07-29 01:50:27,"太多中年况味。
虽然壳子还是少年的样子，但这十五年，所有人都受过蹉磨，成为中年人了。节目简陋，流程都是自己cue，但几集下来话题连贯，人物情绪也是通的。因为彼此太过相似又有不同，分享过最重要的一段经历，有些话才能说出口。普通中年人怎么可能轻易面对自己的失败与沮丧？被综艺场景推着重新审视过去的人生，在短短几天里迅速打开心防，展露难得的坦诚和勇气，看完有种苦乐掺杂的治愈感。"
2022-07-22 13:39:07,青春和我撞了一下腰，青春走了，我也老了，以前和朋友没心没肺一起嘻嘻哈哈，现在他们已经成家立业了，只剩我在追着快乐再出发
2022-08-24 00:22:20,王栎鑫。。他脆弱得我想给他当妈。。
2022-08-21 16:23:04,整体看起来好看又轻松。但苏醒的戏太多了。而且是那种用话剧腔想让自己自然实际上看起来是在演“自然”的一种很别扭的感觉。
2022-07-25 00:08:27,"这几个老男人怎么会这么有趣！不需要任务，只是聊天就能一直看下去，而且他们的无聊，完全不无聊！对于国内的综艺发出这样的感叹大概是几年前的极挑前两季，感谢芒果响应网友号召再次延续我的快乐。如果一直拍，我能一直看。对于我这种超级害怕尴尬，看到尴尬场景，替别人尴尬，共情到浑身不自在的病人来讲，这综艺简直可以救命。我愿把对新西游记的喜欢分给这帮老男孩一半❤而且刷新了对陆虎的印象，不仅有才，而且“有病”。希望一直是这几个，一旦有新人加入，让他们有任何一个人不自在，我都会马上放弃，并且回骂，永远抵制🥭！！freestyle那段也就看了十几遍😭，太喜欢一群懂音乐的好朋友们围在一起这种轻松氛围的创作了，雨天+音乐+好友＝浪漫。"
2022-07-20 22:00:58,满屏的才华和梗
2022-08-23 22:35:28,这是这段时间最让我开心治愈的东西了 一群真挚善良幽默的人努力用小成本用心打造的综艺 我不知道给差评的人什么意思 做人真的可以稍微善良一点的 稍微
2022-08-23 22:47:19,真真诚诚，简简单单就是最好。就是为什么只有七期啊！！！太少了！！！
2022-07-22 07:04:24,麻烦第二季安排上，永远更下去！这几个老歌手，太招人喜欢了！
2022-08-18 00:33:41,破亿！“没有什么好判断的，咱们在一起之所以能够开心、放得开，就是因为我们没有把彼此当做一个‘我需要跨越的障碍’，包括我们的眼泪，都是顺其自然地流下来。”
2022-08-25 00:20:22,陪我那么久，从一开始谁我都不太熟悉慢慢的看下来，考古下来，越来喜欢这群宝贝。大哥陈楚生，稳重话不多但是一开口就是精华，总是关心爱护大家。王铮亮（真正的大哥）烂梗王，王伴奏，这个家不能没有小亮哥，唱歌太强了。苏醒，醒子哥，人幽默，又反转事多但让我一点不讨厌反而喜欢死了（苏醒绝美）。张远，我的远远，毒舌甜心，现役爱豆 能歌善舞！远远我的爱你。陆虎，我的老儿子，歌都听过不认识老儿子，敢于为自己争取，很喜欢他这一点永远都做好准备。王栎鑫，我的可爱崽崽糊糊，门面担当！太喜欢他了，真正的忙累，人有担当，又听话。俞灏明，dd一直是是我心目中的白马王子，希望他越来越好。姚政，老姚，一个我看见名字都要笑的人，太可爱啦。最后希望有第二季，希望各位宝贝们越来越好，活越多越好（不要太累哦）
2022-07-21 21:56:52,没有大制作，没有创意的策划，全靠熟人之间的默契提升了节目的综艺感，没想到再就业男团的综艺那么欢乐，果然还是熟人局的气氛才好看。同样是体验普通人的生活，最后几位能够说出“我们还是走了捷径”这样的自我反思的人还是太少了。
2022-08-24 02:10:34,"顶配mc配毫无策划的节目组
好的部分就不说了，蘑菇屋里对再就业的夸夸已经很详细了，他们唠嗑一整集都能有意思，我对他们十二分满意
问题就是这个策划。连续一星期的录制，感觉都没有作mc会疲惫的备案。前三期包括第四期捕鱼都是费精力的上蹿下跳，之后又开始摆烂想一出是一出，根本不懂得劳逸结合。我不知道节目组是想快综慢综观众一把抓还是纯粹没想过mc的体力问题，总之结果就是哪种综艺的受众都能从发仔里找到不适合自己节奏的集数
对第二季的期待就是，每一天有适当的任务甚至坐那搞一两个小游戏就行，还有如果第一季赚到了钱就多给买点音乐版权吧"
2022-08-11 22:17:20,果然有感情的人产生的效应更好，太喜欢陆虎了
2022-08-23 23:10:53,近几年最好的真人秀吧。反倒是因为有限的制作经费，让观众感受到前所未有的真实。因为他们曾经并肩战斗过，所以岁月过去还能感受他们的情怀依旧。因为大家都能放开自我，才会有最动人的快乐
2022-08-26 06:58:12,一切好作品必得以真情打动人。
2022-07-20 17:48:05,策划很一般，但是人好棒！！！个人魅力！！！
2022-07-19 22:13:23,苏醒，遇见你很早，了解你太晚。
2022-09-10 22:38:02,莫名其妙！好好的，都结束了！还来这一套，我看个节目，又不追星，凭什么还断案，评判一下你因为没上节目，被委屈了！这节目就有问题，你绑架被人也得带点脑子，照你的说法，你犯罪了，你曾经的职业自然也是十恶不赦，不带搞连坐的。
2022-08-24 19:45:24,浮浮沉沉十五年 归来后仍是那群怀有赤子之心的少年 鲜衣怒马少年时 且歌且行且从容 我们如此喜欢他们不只是因为他们的真 还因为他们在闪闪发光追逐梦想的年少也是我们的青春
2022-08-01 23:09:44,喜欢他们晚上讨论创作 讨论爱的尽头是什么 的氛围
2022-08-24 04:53:18,它没有五星的话，其他所有综艺都够不上五星了。
2022-08-27 22:42:00,主要是真性情啊，好久没看到这么贴地的综艺了，几个人真的真实得可爱好笑。
2022-08-27 12:51:50,有谁能够感受到，最后一集大雨中简陋演唱会的感动。
2022-08-05 12:04:20,人与人相处，平等真诚包容偶尔调皮，朋友之间见过世面，吃过苦，有自己的坚持，消融了所谓的人和人之间“会做人”，“情商高”的片面解读。
2022-07-21 00:06:48,这真的是我为数不多肯花钱，不倍速，反复看的综艺了！
2022-07-23 02:45:36,谁不曾拥有最荒唐的青春 十几岁永远被定格住的青春 
2022-08-19 23:35:07,破亿！每集都能笑出声
2022-08-08 16:00:41,最近几年看过最好笑的综艺了～😂这才是我们自己的「新西游记」啊！
2022-08-28 09:58:05,我居然最喜欢第一集？
2022-08-24 09:11:49,为一个机会。我“披荆斩棘的哥哥”是0713啊😭
2022-08-09 10:34:03,说实话，这才是《披荆斩棘的哥哥》应该的打开方式
2022-07-28 23:01:17,"志同道合惺惺相惜的朋友和美好的音乐是这个综艺的灵魂，《向往的生活》赶紧滚来反思。
小亮哥和生哥是话不多但惊人，苏醒和陆虎是梗王，张远和王栎鑫是团欺。音乐上，小亮哥和生哥是低调的编曲大佬，苏醒和陆虎是梗王，张远和王栎鑫是捧哏。加入姚政后脱线系数升级 ，俞灏明则是另一种个性。
没有比有老友有音乐更美好的事了！海边音乐会的《红日》和《小镇姑娘》姐青回！"
2022-09-09 21:31:01,很久没看过这么真实的综艺了
2022-08-24 09:48:17,几个简陋的棚子竟然构成今年内娱最好的舞台。
2022-09-11 12:44:14,档期不和是给各方最好的体面了吧，难道非得要明说制片方或者嘉宾挑明了说并不是很想邀请xx来吗？说白了，感情好但是感情没那么好呗。档期不和也算是给大家的期待有个交代。玻璃心还想硬杠
2022-08-28 21:16:14,我没看过2007快乐男声，看这个节目之前也不认识这群人，但是不妨碍我喜欢这个综艺，喜欢这群人。最有意思的地方在于他们并不是在炒冷饭，也不想假装得毫不费力，他们都是曾经火热过然后被这个圈子冷落的人，十五年来经历起落落落落落落。他们只是特别真诚真实地把一路上的风风雨雨鼻青脸肿，还有永不褪色的音乐梦想，云淡风轻地给观众看，甚至可以互相调侃，没有苦情的剧目，只有欢乐、大笑、互相拥抱着，说“谁不曾有过贼荒唐的青春。”这就是生活里的那种美好动人的东西，谢谢这部综艺治愈了我近期的焦虑，如有第二季我必追。
2022-08-24 14:32:53,真实自然，笑疯了也被感动了。第二季快来。
2022-07-24 02:14:28,我觉得内娱综艺走到现在，是时候该变革了。综艺应该要以“人”和“内容”为王，而不是漫天飞舞的硬广告，不搭嘎的人和总是抄抄抄的内容是得不到观众的笑声的，但是——如果有这个但是，那就就是由这六个人组成的《快乐再出发》了！看完了三期，虽然策划不够精彩，但是哥哥们足够疯，所以我觉得虽穷但坚强。 他们清醒的知道，自己能输出什么内容，也没有对自己的职业有过多的“高高在上”感，我喜欢他们对群演的同理心，也能检讨自我，我希望这综艺能一直下去。
2022-08-07 23:19:24,太好看了又感动又好笑。。。其实那一季快男我是没看的我只喜欢看漂亮妹妹们唱歌可是这群老男人怎么这么迷人啊
2022-08-26 11:20:10,实不相瞒，为了这几个老boy，我冲了会员。想当年我也参加了快男海选哈哈。这个节目太解压了，工作累了看一集绝对happy。比之前邓超的五哈旅游真人秀节目有意思多了。
2022-10-08 06:00:56,满分💯，没有矫揉造作，没有剧本编剧，全部都是艺人自带笑点，每个男人才华横溢又幽默，赞啊！！！
2022-08-23 22:25:38,应该是和他们一起缅怀自己曾经的年轻吧。
2022-08-24 13:31:02,谢谢制作组，谢谢0713❤️
2022-08-24 00:41:03,聊天创作的部分最好看。能在（国内）真人秀里看到真实的松弛、诚挚的热爱和岁月的生命力，实在是可遇不可求。
2022-08-23 22:37:37,10分！我给10分！老北鼻的歌网抑云啥时候上版权啊😩 姚老板赶紧给哥几个安排上好伐😭
2022-08-31 23:18:14,第4期真的笑抽了！每期随机创作的他们真的在闪光啊！感谢热爱生活热爱音乐也真正快乐的0713，带给我短暂的极致的快乐。
2022-09-03 17:24:06,不矫情 不做作 没包袱 我想看的就是这样的综艺
2022-08-27 19:47:09,其实对这几个人都不熟，对他们的作品知道的大约就是烂大街的那几首，有没有人，时间都去哪儿了，雪落下的声音，节目感觉是很真实的无聊的有趣，一群老友逗闷子，真的无聊也真的有趣，开头还有点故意找梗的感觉，但越来越放松，所以越是没有安排的环节就越有趣。最后两期出现的姚政简直活宝。最后一期的歌真都很好哭，俞灏明的其实我还好，王栎鑫的就好，陆虎的别忘了你的勇敢，我哭了，我又哭了。
2022-08-15 19:39:52,9.6可能不至于，但你要让我打，我打五星
2022-07-08 23:10:44,0713凑一堆，打广告都是好笑的！
2022-08-25 14:37:05,9.5/10超五星，刚吃安利的时候没想到后来会这么爱，兼职爱惨了，喜欢其中的每个人，虽然没有经历过他们的那段青春，但不妨碍为他们骄傲和感动。就像生哥说的那样，这不是综艺，这是他们的生活，果真真诚最动人，他们的七天，我们的几个月，跟着一起笑，大笑，哭，大哭，千帆过尽，归来仍是少年，他们才华横溢，温柔善良，热爱生活和音乐，羡慕极了。
2022-08-31 21:06:40,歌手演员的奇妙化学反应
2022-08-05 11:14:09,认识熟悉有趣的人聚在一起本身就是综艺的意义。
2022-08-17 03:08:45,第六期太好看了，有人钓鱼、有人唱歌、有人静坐草地上，真正的朋友在一起就是这么chill。最后做饭的十几分钟，我反复观看😭
2022-08-30 22:29:07,谁不曾有过贼荒唐的青春！综艺就是要让人哈哈哈哈哈的嘛～
2022-07-22 16:22:03,"真的是秘籍爆梗的综艺！太逗了！
我真的太爱23岁的苏醒了！"
2022-08-30 17:26:56,离婚梗永不过时，哈哈哈哈哈哈哈哈哈
2022-09-17 17:38:20,快乐真实感动
